-- user_013: 多平台老手，3店各50品，合计80单/天（抖音50/拼多多20/淘宝10），有爆款有滞销
INSERT OR IGNORE INTO users VALUES ('user_013', 'AK_USER013_VALID_KEY', 'configured', '多平台老手，三店并行，抖音集中爆款，部分商品滞销', datetime('now'));

INSERT OR IGNORE INTO shops VALUES ('SHOP_013_DY', 'user_013', '我的抖音旗舰店', 'douyin', 1, datetime('now', '+180 days'));
INSERT OR IGNORE INTO shops VALUES ('SHOP_013_PDD', 'user_013', '我的拼多多综合店', 'pinduoduo', 1, datetime('now', '+180 days'));
INSERT OR IGNORE INTO shops VALUES ('SHOP_013_TB', 'user_013', '我的淘宝精选店', 'taobao', 1, datetime('now', '+180 days'));

-- 抖音50品 P001-P050（P002/P018/P025为爆款；P005/P010/P026为滞销）
INSERT OR IGNORE INTO listings VALUES ('LST_013_001', 'SHOP_013_DY', 'P001', datetime('now', '-90 days'), 'active');
INSERT OR IGNORE INTO listings VALUES ('LST_013_002', 'SHOP_013_DY', 'P002', datetime('now', '-90 days'), 'active');
INSERT OR IGNORE INTO listings VALUES ('LST_013_003', 'SHOP_013_DY', 'P003', datetime('now', '-89 days'), 'active');
INSERT OR IGNORE INTO listings VALUES ('LST_013_004', 'SHOP_013_DY', 'P004', datetime('now', '-89 days'), 'active');
INSERT OR IGNORE INTO listings VALUES ('LST_013_005', 'SHOP_013_DY', 'P005', datetime('now', '-88 days'), 'active');
INSERT OR IGNORE INTO listings VALUES ('LST_013_006', 'SHOP_013_DY', 'P006', datetime('now', '-88 days'), 'active');
INSERT OR IGNORE INTO listings VALUES ('LST_013_007', 'SHOP_013_DY', 'P007', datetime('now', '-87 days'), 'active');
INSERT OR IGNORE INTO listings VALUES ('LST_013_008', 'SHOP_013_DY', 'P008', datetime('now', '-87 days'), 'active');
INSERT OR IGNORE INTO listings VALUES ('LST_013_009', 'SHOP_013_DY', 'P009', datetime('now', '-86 days'), 'active');
INSERT OR IGNORE INTO listings VALUES ('LST_013_010', 'SHOP_013_DY', 'P010', datetime('now', '-86 days'), 'active');
INSERT OR IGNORE INTO listings VALUES ('LST_013_011', 'SHOP_013_DY', 'P011', datetime('now', '-85 days'), 'active');
INSERT OR IGNORE INTO listings VALUES ('LST_013_012', 'SHOP_013_DY', 'P012', datetime('now', '-85 days'), 'active');
INSERT OR IGNORE INTO listings VALUES ('LST_013_013', 'SHOP_013_DY', 'P013', datetime('now', '-84 days'), 'active');
INSERT OR IGNORE INTO listings VALUES ('LST_013_014', 'SHOP_013_DY', 'P014', datetime('now', '-84 days'), 'active');
INSERT OR IGNORE INTO listings VALUES ('LST_013_015', 'SHOP_013_DY', 'P015', datetime('now', '-83 days'), 'active');
INSERT OR IGNORE INTO listings VALUES ('LST_013_016', 'SHOP_013_DY', 'P016', datetime('now', '-83 days'), 'active');
INSERT OR IGNORE INTO listings VALUES ('LST_013_017', 'SHOP_013_DY', 'P017', datetime('now', '-82 days'), 'active');
INSERT OR IGNORE INTO listings VALUES ('LST_013_018', 'SHOP_013_DY', 'P018', datetime('now', '-82 days'), 'active');
INSERT OR IGNORE INTO listings VALUES ('LST_013_019', 'SHOP_013_DY', 'P019', datetime('now', '-81 days'), 'active');
INSERT OR IGNORE INTO listings VALUES ('LST_013_020', 'SHOP_013_DY', 'P020', datetime('now', '-81 days'), 'active');
INSERT OR IGNORE INTO listings VALUES ('LST_013_021', 'SHOP_013_DY', 'P021', datetime('now', '-80 days'), 'active');
INSERT OR IGNORE INTO listings VALUES ('LST_013_022', 'SHOP_013_DY', 'P022', datetime('now', '-80 days'), 'active');
INSERT OR IGNORE INTO listings VALUES ('LST_013_023', 'SHOP_013_DY', 'P023', datetime('now', '-79 days'), 'active');
INSERT OR IGNORE INTO listings VALUES ('LST_013_024', 'SHOP_013_DY', 'P024', datetime('now', '-79 days'), 'active');
INSERT OR IGNORE INTO listings VALUES ('LST_013_025', 'SHOP_013_DY', 'P025', datetime('now', '-78 days'), 'active');
INSERT OR IGNORE INTO listings VALUES ('LST_013_026', 'SHOP_013_DY', 'P026', datetime('now', '-78 days'), 'active');
INSERT OR IGNORE INTO listings VALUES ('LST_013_027', 'SHOP_013_DY', 'P027', datetime('now', '-77 days'), 'active');
INSERT OR IGNORE INTO listings VALUES ('LST_013_028', 'SHOP_013_DY', 'P028', datetime('now', '-77 days'), 'active');
INSERT OR IGNORE INTO listings VALUES ('LST_013_029', 'SHOP_013_DY', 'P029', datetime('now', '-76 days'), 'active');
INSERT OR IGNORE INTO listings VALUES ('LST_013_030', 'SHOP_013_DY', 'P030', datetime('now', '-76 days'), 'active');
INSERT OR IGNORE INTO listings VALUES ('LST_013_031', 'SHOP_013_DY', 'P031', datetime('now', '-75 days'), 'active');
INSERT OR IGNORE INTO listings VALUES ('LST_013_032', 'SHOP_013_DY', 'P032', datetime('now', '-75 days'), 'active');
INSERT OR IGNORE INTO listings VALUES ('LST_013_033', 'SHOP_013_DY', 'P033', datetime('now', '-74 days'), 'active');
INSERT OR IGNORE INTO listings VALUES ('LST_013_034', 'SHOP_013_DY', 'P034', datetime('now', '-74 days'), 'active');
INSERT OR IGNORE INTO listings VALUES ('LST_013_035', 'SHOP_013_DY', 'P035', datetime('now', '-73 days'), 'active');
INSERT OR IGNORE INTO listings VALUES ('LST_013_036', 'SHOP_013_DY', 'P036', datetime('now', '-73 days'), 'active');
INSERT OR IGNORE INTO listings VALUES ('LST_013_037', 'SHOP_013_DY', 'P037', datetime('now', '-72 days'), 'active');
INSERT OR IGNORE INTO listings VALUES ('LST_013_038', 'SHOP_013_DY', 'P038', datetime('now', '-72 days'), 'active');
INSERT OR IGNORE INTO listings VALUES ('LST_013_039', 'SHOP_013_DY', 'P039', datetime('now', '-71 days'), 'active');
INSERT OR IGNORE INTO listings VALUES ('LST_013_040', 'SHOP_013_DY', 'P040', datetime('now', '-71 days'), 'active');
INSERT OR IGNORE INTO listings VALUES ('LST_013_041', 'SHOP_013_DY', 'P041', datetime('now', '-70 days'), 'active');
INSERT OR IGNORE INTO listings VALUES ('LST_013_042', 'SHOP_013_DY', 'P042', datetime('now', '-70 days'), 'active');
INSERT OR IGNORE INTO listings VALUES ('LST_013_043', 'SHOP_013_DY', 'P043', datetime('now', '-69 days'), 'active');
INSERT OR IGNORE INTO listings VALUES ('LST_013_044', 'SHOP_013_DY', 'P044', datetime('now', '-69 days'), 'active');
INSERT OR IGNORE INTO listings VALUES ('LST_013_045', 'SHOP_013_DY', 'P045', datetime('now', '-68 days'), 'active');
INSERT OR IGNORE INTO listings VALUES ('LST_013_046', 'SHOP_013_DY', 'P046', datetime('now', '-68 days'), 'active');
INSERT OR IGNORE INTO listings VALUES ('LST_013_047', 'SHOP_013_DY', 'P047', datetime('now', '-67 days'), 'active');
INSERT OR IGNORE INTO listings VALUES ('LST_013_048', 'SHOP_013_DY', 'P048', datetime('now', '-67 days'), 'active');
INSERT OR IGNORE INTO listings VALUES ('LST_013_049', 'SHOP_013_DY', 'P049', datetime('now', '-66 days'), 'active');
INSERT OR IGNORE INTO listings VALUES ('LST_013_050', 'SHOP_013_DY', 'P050', datetime('now', '-66 days'), 'active');

-- 拼多多50品 P051-P100
INSERT OR IGNORE INTO listings VALUES ('LST_013_051', 'SHOP_013_PDD', 'P051', datetime('now', '-80 days'), 'active');
INSERT OR IGNORE INTO listings VALUES ('LST_013_052', 'SHOP_013_PDD', 'P052', datetime('now', '-80 days'), 'active');
INSERT OR IGNORE INTO listings VALUES ('LST_013_053', 'SHOP_013_PDD', 'P053', datetime('now', '-79 days'), 'active');
INSERT OR IGNORE INTO listings VALUES ('LST_013_054', 'SHOP_013_PDD', 'P054', datetime('now', '-79 days'), 'active');
INSERT OR IGNORE INTO listings VALUES ('LST_013_055', 'SHOP_013_PDD', 'P055', datetime('now', '-78 days'), 'active');
INSERT OR IGNORE INTO listings VALUES ('LST_013_056', 'SHOP_013_PDD', 'P056', datetime('now', '-78 days'), 'active');
INSERT OR IGNORE INTO listings VALUES ('LST_013_057', 'SHOP_013_PDD', 'P057', datetime('now', '-77 days'), 'active');
INSERT OR IGNORE INTO listings VALUES ('LST_013_058', 'SHOP_013_PDD', 'P058', datetime('now', '-77 days'), 'active');
INSERT OR IGNORE INTO listings VALUES ('LST_013_059', 'SHOP_013_PDD', 'P059', datetime('now', '-76 days'), 'active');
INSERT OR IGNORE INTO listings VALUES ('LST_013_060', 'SHOP_013_PDD', 'P060', datetime('now', '-76 days'), 'active');
INSERT OR IGNORE INTO listings VALUES ('LST_013_061', 'SHOP_013_PDD', 'P061', datetime('now', '-75 days'), 'active');
INSERT OR IGNORE INTO listings VALUES ('LST_013_062', 'SHOP_013_PDD', 'P062', datetime('now', '-75 days'), 'active');
INSERT OR IGNORE INTO listings VALUES ('LST_013_063', 'SHOP_013_PDD', 'P063', datetime('now', '-74 days'), 'active');
INSERT OR IGNORE INTO listings VALUES ('LST_013_064', 'SHOP_013_PDD', 'P064', datetime('now', '-74 days'), 'active');
INSERT OR IGNORE INTO listings VALUES ('LST_013_065', 'SHOP_013_PDD', 'P065', datetime('now', '-73 days'), 'active');
INSERT OR IGNORE INTO listings VALUES ('LST_013_066', 'SHOP_013_PDD', 'P066', datetime('now', '-73 days'), 'active');
INSERT OR IGNORE INTO listings VALUES ('LST_013_067', 'SHOP_013_PDD', 'P067', datetime('now', '-72 days'), 'active');
INSERT OR IGNORE INTO listings VALUES ('LST_013_068', 'SHOP_013_PDD', 'P068', datetime('now', '-72 days'), 'active');
INSERT OR IGNORE INTO listings VALUES ('LST_013_069', 'SHOP_013_PDD', 'P069', datetime('now', '-71 days'), 'active');
INSERT OR IGNORE INTO listings VALUES ('LST_013_070', 'SHOP_013_PDD', 'P070', datetime('now', '-71 days'), 'active');
INSERT OR IGNORE INTO listings VALUES ('LST_013_071', 'SHOP_013_PDD', 'P071', datetime('now', '-70 days'), 'active');
INSERT OR IGNORE INTO listings VALUES ('LST_013_072', 'SHOP_013_PDD', 'P072', datetime('now', '-70 days'), 'active');
INSERT OR IGNORE INTO listings VALUES ('LST_013_073', 'SHOP_013_PDD', 'P073', datetime('now', '-69 days'), 'active');
INSERT OR IGNORE INTO listings VALUES ('LST_013_074', 'SHOP_013_PDD', 'P074', datetime('now', '-69 days'), 'active');
INSERT OR IGNORE INTO listings VALUES ('LST_013_075', 'SHOP_013_PDD', 'P075', datetime('now', '-68 days'), 'active');
INSERT OR IGNORE INTO listings VALUES ('LST_013_076', 'SHOP_013_PDD', 'P076', datetime('now', '-68 days'), 'active');
INSERT OR IGNORE INTO listings VALUES ('LST_013_077', 'SHOP_013_PDD', 'P077', datetime('now', '-67 days'), 'active');
INSERT OR IGNORE INTO listings VALUES ('LST_013_078', 'SHOP_013_PDD', 'P078', datetime('now', '-67 days'), 'active');
INSERT OR IGNORE INTO listings VALUES ('LST_013_079', 'SHOP_013_PDD', 'P079', datetime('now', '-66 days'), 'active');
INSERT OR IGNORE INTO listings VALUES ('LST_013_080', 'SHOP_013_PDD', 'P080', datetime('now', '-66 days'), 'active');
INSERT OR IGNORE INTO listings VALUES ('LST_013_081', 'SHOP_013_PDD', 'P081', datetime('now', '-65 days'), 'active');
INSERT OR IGNORE INTO listings VALUES ('LST_013_082', 'SHOP_013_PDD', 'P082', datetime('now', '-65 days'), 'active');
INSERT OR IGNORE INTO listings VALUES ('LST_013_083', 'SHOP_013_PDD', 'P083', datetime('now', '-64 days'), 'active');
INSERT OR IGNORE INTO listings VALUES ('LST_013_084', 'SHOP_013_PDD', 'P084', datetime('now', '-64 days'), 'active');
INSERT OR IGNORE INTO listings VALUES ('LST_013_085', 'SHOP_013_PDD', 'P085', datetime('now', '-63 days'), 'active');
INSERT OR IGNORE INTO listings VALUES ('LST_013_086', 'SHOP_013_PDD', 'P086', datetime('now', '-63 days'), 'active');
INSERT OR IGNORE INTO listings VALUES ('LST_013_087', 'SHOP_013_PDD', 'P087', datetime('now', '-62 days'), 'active');
INSERT OR IGNORE INTO listings VALUES ('LST_013_088', 'SHOP_013_PDD', 'P088', datetime('now', '-62 days'), 'active');
INSERT OR IGNORE INTO listings VALUES ('LST_013_089', 'SHOP_013_PDD', 'P089', datetime('now', '-61 days'), 'active');
INSERT OR IGNORE INTO listings VALUES ('LST_013_090', 'SHOP_013_PDD', 'P090', datetime('now', '-61 days'), 'active');
INSERT OR IGNORE INTO listings VALUES ('LST_013_091', 'SHOP_013_PDD', 'P091', datetime('now', '-60 days'), 'active');
INSERT OR IGNORE INTO listings VALUES ('LST_013_092', 'SHOP_013_PDD', 'P092', datetime('now', '-60 days'), 'active');
INSERT OR IGNORE INTO listings VALUES ('LST_013_093', 'SHOP_013_PDD', 'P093', datetime('now', '-59 days'), 'active');
INSERT OR IGNORE INTO listings VALUES ('LST_013_094', 'SHOP_013_PDD', 'P094', datetime('now', '-59 days'), 'active');
INSERT OR IGNORE INTO listings VALUES ('LST_013_095', 'SHOP_013_PDD', 'P095', datetime('now', '-58 days'), 'active');
INSERT OR IGNORE INTO listings VALUES ('LST_013_096', 'SHOP_013_PDD', 'P096', datetime('now', '-58 days'), 'active');
INSERT OR IGNORE INTO listings VALUES ('LST_013_097', 'SHOP_013_PDD', 'P097', datetime('now', '-57 days'), 'active');
INSERT OR IGNORE INTO listings VALUES ('LST_013_098', 'SHOP_013_PDD', 'P098', datetime('now', '-57 days'), 'active');
INSERT OR IGNORE INTO listings VALUES ('LST_013_099', 'SHOP_013_PDD', 'P099', datetime('now', '-56 days'), 'active');
INSERT OR IGNORE INTO listings VALUES ('LST_013_100', 'SHOP_013_PDD', 'P100', datetime('now', '-56 days'), 'active');

-- 淘宝50品 P101-P150
INSERT OR IGNORE INTO listings VALUES ('LST_013_101', 'SHOP_013_TB', 'P101', datetime('now', '-70 days'), 'active');
INSERT OR IGNORE INTO listings VALUES ('LST_013_102', 'SHOP_013_TB', 'P102', datetime('now', '-70 days'), 'active');
INSERT OR IGNORE INTO listings VALUES ('LST_013_103', 'SHOP_013_TB', 'P103', datetime('now', '-69 days'), 'active');
INSERT OR IGNORE INTO listings VALUES ('LST_013_104', 'SHOP_013_TB', 'P104', datetime('now', '-69 days'), 'active');
INSERT OR IGNORE INTO listings VALUES ('LST_013_105', 'SHOP_013_TB', 'P105', datetime('now', '-68 days'), 'active');
INSERT OR IGNORE INTO listings VALUES ('LST_013_106', 'SHOP_013_TB', 'P106', datetime('now', '-68 days'), 'active');
INSERT OR IGNORE INTO listings VALUES ('LST_013_107', 'SHOP_013_TB', 'P107', datetime('now', '-67 days'), 'active');
INSERT OR IGNORE INTO listings VALUES ('LST_013_108', 'SHOP_013_TB', 'P108', datetime('now', '-67 days'), 'active');
INSERT OR IGNORE INTO listings VALUES ('LST_013_109', 'SHOP_013_TB', 'P109', datetime('now', '-66 days'), 'active');
INSERT OR IGNORE INTO listings VALUES ('LST_013_110', 'SHOP_013_TB', 'P110', datetime('now', '-66 days'), 'active');
INSERT OR IGNORE INTO listings VALUES ('LST_013_111', 'SHOP_013_TB', 'P111', datetime('now', '-65 days'), 'active');
INSERT OR IGNORE INTO listings VALUES ('LST_013_112', 'SHOP_013_TB', 'P112', datetime('now', '-65 days'), 'active');
INSERT OR IGNORE INTO listings VALUES ('LST_013_113', 'SHOP_013_TB', 'P113', datetime('now', '-64 days'), 'active');
INSERT OR IGNORE INTO listings VALUES ('LST_013_114', 'SHOP_013_TB', 'P114', datetime('now', '-64 days'), 'active');
INSERT OR IGNORE INTO listings VALUES ('LST_013_115', 'SHOP_013_TB', 'P115', datetime('now', '-63 days'), 'active');
INSERT OR IGNORE INTO listings VALUES ('LST_013_116', 'SHOP_013_TB', 'P116', datetime('now', '-63 days'), 'active');
INSERT OR IGNORE INTO listings VALUES ('LST_013_117', 'SHOP_013_TB', 'P117', datetime('now', '-62 days'), 'active');
INSERT OR IGNORE INTO listings VALUES ('LST_013_118', 'SHOP_013_TB', 'P118', datetime('now', '-62 days'), 'active');
INSERT OR IGNORE INTO listings VALUES ('LST_013_119', 'SHOP_013_TB', 'P119', datetime('now', '-61 days'), 'active');
INSERT OR IGNORE INTO listings VALUES ('LST_013_120', 'SHOP_013_TB', 'P120', datetime('now', '-61 days'), 'active');
INSERT OR IGNORE INTO listings VALUES ('LST_013_121', 'SHOP_013_TB', 'P121', datetime('now', '-60 days'), 'active');
INSERT OR IGNORE INTO listings VALUES ('LST_013_122', 'SHOP_013_TB', 'P122', datetime('now', '-60 days'), 'active');
INSERT OR IGNORE INTO listings VALUES ('LST_013_123', 'SHOP_013_TB', 'P123', datetime('now', '-59 days'), 'active');
INSERT OR IGNORE INTO listings VALUES ('LST_013_124', 'SHOP_013_TB', 'P124', datetime('now', '-59 days'), 'active');
INSERT OR IGNORE INTO listings VALUES ('LST_013_125', 'SHOP_013_TB', 'P125', datetime('now', '-58 days'), 'active');
INSERT OR IGNORE INTO listings VALUES ('LST_013_126', 'SHOP_013_TB', 'P126', datetime('now', '-58 days'), 'active');
INSERT OR IGNORE INTO listings VALUES ('LST_013_127', 'SHOP_013_TB', 'P127', datetime('now', '-57 days'), 'active');
INSERT OR IGNORE INTO listings VALUES ('LST_013_128', 'SHOP_013_TB', 'P128', datetime('now', '-57 days'), 'active');
INSERT OR IGNORE INTO listings VALUES ('LST_013_129', 'SHOP_013_TB', 'P129', datetime('now', '-56 days'), 'active');
INSERT OR IGNORE INTO listings VALUES ('LST_013_130', 'SHOP_013_TB', 'P130', datetime('now', '-56 days'), 'active');
INSERT OR IGNORE INTO listings VALUES ('LST_013_131', 'SHOP_013_TB', 'P131', datetime('now', '-55 days'), 'active');
INSERT OR IGNORE INTO listings VALUES ('LST_013_132', 'SHOP_013_TB', 'P132', datetime('now', '-55 days'), 'active');
INSERT OR IGNORE INTO listings VALUES ('LST_013_133', 'SHOP_013_TB', 'P133', datetime('now', '-54 days'), 'active');
INSERT OR IGNORE INTO listings VALUES ('LST_013_134', 'SHOP_013_TB', 'P134', datetime('now', '-54 days'), 'active');
INSERT OR IGNORE INTO listings VALUES ('LST_013_135', 'SHOP_013_TB', 'P135', datetime('now', '-53 days'), 'active');
INSERT OR IGNORE INTO listings VALUES ('LST_013_136', 'SHOP_013_TB', 'P136', datetime('now', '-53 days'), 'active');
INSERT OR IGNORE INTO listings VALUES ('LST_013_137', 'SHOP_013_TB', 'P137', datetime('now', '-52 days'), 'active');
INSERT OR IGNORE INTO listings VALUES ('LST_013_138', 'SHOP_013_TB', 'P138', datetime('now', '-52 days'), 'active');
INSERT OR IGNORE INTO listings VALUES ('LST_013_139', 'SHOP_013_TB', 'P139', datetime('now', '-51 days'), 'active');
INSERT OR IGNORE INTO listings VALUES ('LST_013_140', 'SHOP_013_TB', 'P140', datetime('now', '-51 days'), 'active');
INSERT OR IGNORE INTO listings VALUES ('LST_013_141', 'SHOP_013_TB', 'P141', datetime('now', '-50 days'), 'active');
INSERT OR IGNORE INTO listings VALUES ('LST_013_142', 'SHOP_013_TB', 'P142', datetime('now', '-50 days'), 'active');
INSERT OR IGNORE INTO listings VALUES ('LST_013_143', 'SHOP_013_TB', 'P143', datetime('now', '-49 days'), 'active');
INSERT OR IGNORE INTO listings VALUES ('LST_013_144', 'SHOP_013_TB', 'P144', datetime('now', '-49 days'), 'active');
INSERT OR IGNORE INTO listings VALUES ('LST_013_145', 'SHOP_013_TB', 'P145', datetime('now', '-48 days'), 'active');
INSERT OR IGNORE INTO listings VALUES ('LST_013_146', 'SHOP_013_TB', 'P146', datetime('now', '-48 days'), 'active');
INSERT OR IGNORE INTO listings VALUES ('LST_013_147', 'SHOP_013_TB', 'P147', datetime('now', '-47 days'), 'active');
INSERT OR IGNORE INTO listings VALUES ('LST_013_148', 'SHOP_013_TB', 'P148', datetime('now', '-47 days'), 'active');
INSERT OR IGNORE INTO listings VALUES ('LST_013_149', 'SHOP_013_TB', 'P149', datetime('now', '-46 days'), 'active');
INSERT OR IGNORE INTO listings VALUES ('LST_013_150', 'SHOP_013_TB', 'P150', datetime('now', '-46 days'), 'active');

-- 抖音出单 50单/天，近30天。爆款P002/P018/P025集中；P005/P010/P026无出单（滞销）
INSERT OR IGNORE INTO orders VALUES ('ORD_013_001', 'SHOP_013_DY', 'P002', date('now', '-1 days'), 12, 222.0);
INSERT OR IGNORE INTO orders VALUES ('ORD_013_002', 'SHOP_013_DY', 'P018', date('now', '-1 days'), 10, 300.0);
INSERT OR IGNORE INTO orders VALUES ('ORD_013_003', 'SHOP_013_DY', 'P025', date('now', '-1 days'), 8, 80.0);
INSERT OR IGNORE INTO orders VALUES ('ORD_013_004', 'SHOP_013_DY', 'P022', date('now', '-1 days'), 4, 88.0);
INSERT OR IGNORE INTO orders VALUES ('ORD_013_005', 'SHOP_013_DY', 'P047', date('now', '-1 days'), 4, 180.0);
INSERT OR IGNORE INTO orders VALUES ('ORD_013_006', 'SHOP_013_DY', 'P050', date('now', '-1 days'), 3, 114.0);
INSERT OR IGNORE INTO orders VALUES ('ORD_013_007', 'SHOP_013_DY', 'P024', date('now', '-1 days'), 3, 84.0);
INSERT OR IGNORE INTO orders VALUES ('ORD_013_008', 'SHOP_013_DY', 'P027', date('now', '-1 days'), 2, 36.0);
INSERT OR IGNORE INTO orders VALUES ('ORD_013_009', 'SHOP_013_DY', 'P007', date('now', '-1 days'), 2, 24.0);
INSERT OR IGNORE INTO orders VALUES ('ORD_013_010', 'SHOP_013_DY', 'P011', date('now', '-1 days'), 2, 76.0);
INSERT OR IGNORE INTO orders VALUES ('ORD_013_011', 'SHOP_013_DY', 'P029', date('now', '-1 days'), 1, 32.0);
INSERT OR IGNORE INTO orders VALUES ('ORD_013_012', 'SHOP_013_DY', 'P001', date('now', '-1 days'), 1, 25.8);
INSERT OR IGNORE INTO orders VALUES ('ORD_013_013', 'SHOP_013_DY', 'P002', date('now', '-2 days'), 12, 222.0);
INSERT OR IGNORE INTO orders VALUES ('ORD_013_014', 'SHOP_013_DY', 'P018', date('now', '-2 days'), 10, 300.0);
INSERT OR IGNORE INTO orders VALUES ('ORD_013_015', 'SHOP_013_DY', 'P025', date('now', '-2 days'), 8, 80.0);
INSERT OR IGNORE INTO orders VALUES ('ORD_013_016', 'SHOP_013_DY', 'P022', date('now', '-2 days'), 4, 88.0);
INSERT OR IGNORE INTO orders VALUES ('ORD_013_017', 'SHOP_013_DY', 'P047', date('now', '-2 days'), 4, 180.0);
INSERT OR IGNORE INTO orders VALUES ('ORD_013_018', 'SHOP_013_DY', 'P050', date('now', '-2 days'), 3, 114.0);
INSERT OR IGNORE INTO orders VALUES ('ORD_013_019', 'SHOP_013_DY', 'P024', date('now', '-2 days'), 3, 84.0);
INSERT OR IGNORE INTO orders VALUES ('ORD_013_020', 'SHOP_013_DY', 'P035', date('now', '-2 days'), 3, 135.0);
INSERT OR IGNORE INTO orders VALUES ('ORD_013_021', 'SHOP_013_DY', 'P043', date('now', '-2 days'), 2, 50.0);
INSERT OR IGNORE INTO orders VALUES ('ORD_013_022', 'SHOP_013_DY', 'P027', date('now', '-2 days'), 1, 18.0);
INSERT OR IGNORE INTO orders VALUES ('ORD_013_023', 'SHOP_013_DY', 'P002', date('now', '-5 days'), 12, 222.0);
INSERT OR IGNORE INTO orders VALUES ('ORD_013_024', 'SHOP_013_DY', 'P018', date('now', '-5 days'), 10, 300.0);
INSERT OR IGNORE INTO orders VALUES ('ORD_013_025', 'SHOP_013_DY', 'P025', date('now', '-5 days'), 8, 80.0);
INSERT OR IGNORE INTO orders VALUES ('ORD_013_026', 'SHOP_013_DY', 'P022', date('now', '-5 days'), 4, 88.0);
INSERT OR IGNORE INTO orders VALUES ('ORD_013_027', 'SHOP_013_DY', 'P047', date('now', '-5 days'), 4, 180.0);
INSERT OR IGNORE INTO orders VALUES ('ORD_013_028', 'SHOP_013_DY', 'P050', date('now', '-5 days'), 3, 114.0);
INSERT OR IGNORE INTO orders VALUES ('ORD_013_029', 'SHOP_013_DY', 'P024', date('now', '-5 days'), 3, 84.0);
INSERT OR IGNORE INTO orders VALUES ('ORD_013_030', 'SHOP_013_DY', 'P001', date('now', '-5 days'), 2, 51.6);
INSERT OR IGNORE INTO orders VALUES ('ORD_013_031', 'SHOP_013_DY', 'P007', date('now', '-5 days'), 2, 24.0);
INSERT OR IGNORE INTO orders VALUES ('ORD_013_032', 'SHOP_013_DY', 'P011', date('now', '-5 days'), 2, 76.0);
INSERT OR IGNORE INTO orders VALUES ('ORD_013_033', 'SHOP_013_DY', 'P027', date('now', '-5 days'), 2, 36.0);
INSERT OR IGNORE INTO orders VALUES ('ORD_013_034', 'SHOP_013_DY', 'P002', date('now', '-10 days'), 12, 222.0);
INSERT OR IGNORE INTO orders VALUES ('ORD_013_035', 'SHOP_013_DY', 'P018', date('now', '-10 days'), 10, 300.0);
INSERT OR IGNORE INTO orders VALUES ('ORD_013_036', 'SHOP_013_DY', 'P025', date('now', '-10 days'), 8, 80.0);
INSERT OR IGNORE INTO orders VALUES ('ORD_013_037', 'SHOP_013_DY', 'P022', date('now', '-10 days'), 5, 110.0);
INSERT OR IGNORE INTO orders VALUES ('ORD_013_038', 'SHOP_013_DY', 'P047', date('now', '-10 days'), 4, 180.0);
INSERT OR IGNORE INTO orders VALUES ('ORD_013_039', 'SHOP_013_DY', 'P050', date('now', '-10 days'), 3, 114.0);
INSERT OR IGNORE INTO orders VALUES ('ORD_013_040', 'SHOP_013_DY', 'P024', date('now', '-10 days'), 4, 112.0);
INSERT OR IGNORE INTO orders VALUES ('ORD_013_041', 'SHOP_013_DY', 'P035', date('now', '-10 days'), 3, 135.0);
INSERT OR IGNORE INTO orders VALUES ('ORD_013_042', 'SHOP_013_DY', 'P011', date('now', '-10 days'), 3, 114.0);
INSERT OR IGNORE INTO orders VALUES ('ORD_013_043', 'SHOP_013_DY', 'P002', date('now', '-20 days'), 12, 222.0);
INSERT OR IGNORE INTO orders VALUES ('ORD_013_044', 'SHOP_013_DY', 'P018', date('now', '-20 days'), 10, 300.0);
INSERT OR IGNORE INTO orders VALUES ('ORD_013_045', 'SHOP_013_DY', 'P025', date('now', '-20 days'), 8, 80.0);
INSERT OR IGNORE INTO orders VALUES ('ORD_013_046', 'SHOP_013_DY', 'P022', date('now', '-20 days'), 5, 110.0);
INSERT OR IGNORE INTO orders VALUES ('ORD_013_047', 'SHOP_013_DY', 'P047', date('now', '-20 days'), 4, 180.0);
INSERT OR IGNORE INTO orders VALUES ('ORD_013_048', 'SHOP_013_DY', 'P050', date('now', '-20 days'), 4, 152.0);
INSERT OR IGNORE INTO orders VALUES ('ORD_013_049', 'SHOP_013_DY', 'P024', date('now', '-20 days'), 3, 84.0);
INSERT OR IGNORE INTO orders VALUES ('ORD_013_050', 'SHOP_013_DY', 'P027', date('now', '-20 days'), 3, 54.0);
INSERT OR IGNORE INTO orders VALUES ('ORD_013_051', 'SHOP_013_DY', 'P043', date('now', '-20 days'), 3, 75.0);
INSERT OR IGNORE INTO orders VALUES ('ORD_013_052', 'SHOP_013_DY', 'P001', date('now', '-20 days'), 2, 51.6);
INSERT OR IGNORE INTO orders VALUES ('ORD_013_053', 'SHOP_013_DY', 'P002', date('now', '-30 days'), 12, 222.0);
INSERT OR IGNORE INTO orders VALUES ('ORD_013_054', 'SHOP_013_DY', 'P018', date('now', '-30 days'), 10, 300.0);
INSERT OR IGNORE INTO orders VALUES ('ORD_013_055', 'SHOP_013_DY', 'P025', date('now', '-30 days'), 8, 80.0);
INSERT OR IGNORE INTO orders VALUES ('ORD_013_056', 'SHOP_013_DY', 'P022', date('now', '-30 days'), 5, 110.0);
INSERT OR IGNORE INTO orders VALUES ('ORD_013_057', 'SHOP_013_DY', 'P047', date('now', '-30 days'), 4, 180.0);
INSERT OR IGNORE INTO orders VALUES ('ORD_013_058', 'SHOP_013_DY', 'P050', date('now', '-30 days'), 4, 152.0);
INSERT OR IGNORE INTO orders VALUES ('ORD_013_059', 'SHOP_013_DY', 'P024', date('now', '-30 days'), 4, 112.0);
INSERT OR IGNORE INTO orders VALUES ('ORD_013_060', 'SHOP_013_DY', 'P001', date('now', '-30 days'), 3, 77.4);

-- 拼多多出单 20单/天，近30天
INSERT OR IGNORE INTO orders VALUES ('ORD_013_061', 'SHOP_013_PDD', 'P055', date('now', '-1 days'), 4, 88.0);
INSERT OR IGNORE INTO orders VALUES ('ORD_013_062', 'SHOP_013_PDD', 'P082', date('now', '-1 days'), 3, 45.0);
INSERT OR IGNORE INTO orders VALUES ('ORD_013_063', 'SHOP_013_PDD', 'P063', date('now', '-1 days'), 3, 66.0);
INSERT OR IGNORE INTO orders VALUES ('ORD_013_064', 'SHOP_013_PDD', 'P094', date('now', '-1 days'), 2, 110.0);
INSERT OR IGNORE INTO orders VALUES ('ORD_013_065', 'SHOP_013_PDD', 'P098', date('now', '-1 days'), 2, 64.0);
INSERT OR IGNORE INTO orders VALUES ('ORD_013_066', 'SHOP_013_PDD', 'P071', date('now', '-1 days'), 2, 50.0);
INSERT OR IGNORE INTO orders VALUES ('ORD_013_067', 'SHOP_013_PDD', 'P073', date('now', '-1 days'), 2, 24.0);
INSERT OR IGNORE INTO orders VALUES ('ORD_013_068', 'SHOP_013_PDD', 'P060', date('now', '-1 days'), 1, 88.0);
INSERT OR IGNORE INTO orders VALUES ('ORD_013_069', 'SHOP_013_PDD', 'P085', date('now', '-1 days'), 1, 8.0);
INSERT OR IGNORE INTO orders VALUES ('ORD_013_070', 'SHOP_013_PDD', 'P055', date('now', '-5 days'), 4, 88.0);
INSERT OR IGNORE INTO orders VALUES ('ORD_013_071', 'SHOP_013_PDD', 'P082', date('now', '-5 days'), 3, 45.0);
INSERT OR IGNORE INTO orders VALUES ('ORD_013_072', 'SHOP_013_PDD', 'P063', date('now', '-5 days'), 3, 66.0);
INSERT OR IGNORE INTO orders VALUES ('ORD_013_073', 'SHOP_013_PDD', 'P094', date('now', '-5 days'), 2, 110.0);
INSERT OR IGNORE INTO orders VALUES ('ORD_013_074', 'SHOP_013_PDD', 'P071', date('now', '-5 days'), 2, 50.0);
INSERT OR IGNORE INTO orders VALUES ('ORD_013_075', 'SHOP_013_PDD', 'P073', date('now', '-5 days'), 2, 24.0);
INSERT OR IGNORE INTO orders VALUES ('ORD_013_076', 'SHOP_013_PDD', 'P098', date('now', '-5 days'), 2, 64.0);
INSERT OR IGNORE INTO orders VALUES ('ORD_013_077', 'SHOP_013_PDD', 'P091', date('now', '-5 days'), 1, 75.0);
INSERT OR IGNORE INTO orders VALUES ('ORD_013_078', 'SHOP_013_PDD', 'P055', date('now', '-15 days'), 4, 88.0);
INSERT OR IGNORE INTO orders VALUES ('ORD_013_079', 'SHOP_013_PDD', 'P082', date('now', '-15 days'), 3, 45.0);
INSERT OR IGNORE INTO orders VALUES ('ORD_013_080', 'SHOP_013_PDD', 'P063', date('now', '-15 days'), 3, 66.0);
INSERT OR IGNORE INTO orders VALUES ('ORD_013_081', 'SHOP_013_PDD', 'P094', date('now', '-15 days'), 2, 110.0);
INSERT OR IGNORE INTO orders VALUES ('ORD_013_082', 'SHOP_013_PDD', 'P071', date('now', '-15 days'), 2, 50.0);
INSERT OR IGNORE INTO orders VALUES ('ORD_013_083', 'SHOP_013_PDD', 'P098', date('now', '-15 days'), 3, 96.0);
INSERT OR IGNORE INTO orders VALUES ('ORD_013_084', 'SHOP_013_PDD', 'P073', date('now', '-15 days'), 3, 36.0);
INSERT OR IGNORE INTO orders VALUES ('ORD_013_085', 'SHOP_013_PDD', 'P060', date('now', '-15 days'), 2, 176.0);
INSERT OR IGNORE INTO orders VALUES ('ORD_013_086', 'SHOP_013_PDD', 'P055', date('now', '-25 days'), 4, 88.0);
INSERT OR IGNORE INTO orders VALUES ('ORD_013_087', 'SHOP_013_PDD', 'P082', date('now', '-25 days'), 3, 45.0);
INSERT OR IGNORE INTO orders VALUES ('ORD_013_088', 'SHOP_013_PDD', 'P063', date('now', '-25 days'), 3, 66.0);
INSERT OR IGNORE INTO orders VALUES ('ORD_013_089', 'SHOP_013_PDD', 'P094', date('now', '-25 days'), 2, 110.0);
INSERT OR IGNORE INTO orders VALUES ('ORD_013_090', 'SHOP_013_PDD', 'P071', date('now', '-25 days'), 2, 50.0);
INSERT OR IGNORE INTO orders VALUES ('ORD_013_091', 'SHOP_013_PDD', 'P073', date('now', '-25 days'), 2, 24.0);
INSERT OR IGNORE INTO orders VALUES ('ORD_013_092', 'SHOP_013_PDD', 'P098', date('now', '-25 days'), 2, 64.0);
INSERT OR IGNORE INTO orders VALUES ('ORD_013_093', 'SHOP_013_PDD', 'P091', date('now', '-25 days'), 2, 150.0);

-- 淘宝出单 10单/天，近30天
INSERT OR IGNORE INTO orders VALUES ('ORD_013_094', 'SHOP_013_TB', 'P115', date('now', '-1 days'), 3, 45.0);
INSERT OR IGNORE INTO orders VALUES ('ORD_013_095', 'SHOP_013_TB', 'P122', date('now', '-1 days'), 2, 50.0);
INSERT OR IGNORE INTO orders VALUES ('ORD_013_096', 'SHOP_013_TB', 'P109', date('now', '-1 days'), 2, 24.0);
INSERT OR IGNORE INTO orders VALUES ('ORD_013_097', 'SHOP_013_TB', 'P102', date('now', '-1 days'), 2, 36.0);
INSERT OR IGNORE INTO orders VALUES ('ORD_013_098', 'SHOP_013_TB', 'P121', date('now', '-1 days'), 1, 68.0);
INSERT OR IGNORE INTO orders VALUES ('ORD_013_099', 'SHOP_013_TB', 'P115', date('now', '-5 days'), 3, 45.0);
INSERT OR IGNORE INTO orders VALUES ('ORD_013_100', 'SHOP_013_TB', 'P122', date('now', '-5 days'), 2, 50.0);
INSERT OR IGNORE INTO orders VALUES ('ORD_013_101', 'SHOP_013_TB', 'P109', date('now', '-5 days'), 2, 24.0);
INSERT OR IGNORE INTO orders VALUES ('ORD_013_102', 'SHOP_013_TB', 'P102', date('now', '-5 days'), 2, 36.0);
INSERT OR IGNORE INTO orders VALUES ('ORD_013_103', 'SHOP_013_TB', 'P104', date('now', '-5 days'), 1, 25.0);
INSERT OR IGNORE INTO orders VALUES ('ORD_013_104', 'SHOP_013_TB', 'P115', date('now', '-15 days'), 3, 45.0);
INSERT OR IGNORE INTO orders VALUES ('ORD_013_105', 'SHOP_013_TB', 'P122', date('now', '-15 days'), 2, 50.0);
INSERT OR IGNORE INTO orders VALUES ('ORD_013_106', 'SHOP_013_TB', 'P109', date('now', '-15 days'), 2, 24.0);
INSERT OR IGNORE INTO orders VALUES ('ORD_013_107', 'SHOP_013_TB', 'P101', date('now', '-15 days'), 1, 88.0);
INSERT OR IGNORE INTO orders VALUES ('ORD_013_108', 'SHOP_013_TB', 'P124', date('now', '-15 days'), 2, 44.0);
INSERT OR IGNORE INTO orders VALUES ('ORD_013_109', 'SHOP_013_TB', 'P115', date('now', '-25 days'), 3, 45.0);
INSERT OR IGNORE INTO orders VALUES ('ORD_013_110', 'SHOP_013_TB', 'P122', date('now', '-25 days'), 2, 50.0);
INSERT OR IGNORE INTO orders VALUES ('ORD_013_111', 'SHOP_013_TB', 'P109', date('now', '-25 days'), 2, 24.0);
INSERT OR IGNORE INTO orders VALUES ('ORD_013_112', 'SHOP_013_TB', 'P102', date('now', '-25 days'), 1, 18.0);
INSERT OR IGNORE INTO orders VALUES ('ORD_013_113', 'SHOP_013_TB', 'P121', date('now', '-25 days'), 2, 136.0);
