-- user_012: 双平台成熟，抖音+淘宝各50品，合计60单/天（抖音35，淘宝25）
INSERT OR IGNORE INTO users VALUES ('user_012', 'AK_USER012_VALID_KEY', 'configured', '双平台成熟运营，抖音+淘宝共100品，日均60单稳定出货', datetime('now'));

INSERT OR IGNORE INTO shops VALUES ('SHOP_012_DY', 'user_012', '我的抖音综合旗舰店', 'douyin', 1, datetime('now', '+180 days'));
INSERT OR IGNORE INTO shops VALUES ('SHOP_012_TB', 'user_012', '我的淘宝旗舰店', 'taobao', 1, datetime('now', '+180 days'));

-- 抖音50品 P001-P050
INSERT OR IGNORE INTO listings VALUES ('LST_012_001', 'SHOP_012_DY', 'P001', datetime('now', '-60 days'), 'active');
INSERT OR IGNORE INTO listings VALUES ('LST_012_002', 'SHOP_012_DY', 'P002', datetime('now', '-60 days'), 'active');
INSERT OR IGNORE INTO listings VALUES ('LST_012_003', 'SHOP_012_DY', 'P003', datetime('now', '-59 days'), 'active');
INSERT OR IGNORE INTO listings VALUES ('LST_012_004', 'SHOP_012_DY', 'P004', datetime('now', '-59 days'), 'active');
INSERT OR IGNORE INTO listings VALUES ('LST_012_005', 'SHOP_012_DY', 'P005', datetime('now', '-58 days'), 'active');
INSERT OR IGNORE INTO listings VALUES ('LST_012_006', 'SHOP_012_DY', 'P006', datetime('now', '-58 days'), 'active');
INSERT OR IGNORE INTO listings VALUES ('LST_012_007', 'SHOP_012_DY', 'P007', datetime('now', '-57 days'), 'active');
INSERT OR IGNORE INTO listings VALUES ('LST_012_008', 'SHOP_012_DY', 'P008', datetime('now', '-57 days'), 'active');
INSERT OR IGNORE INTO listings VALUES ('LST_012_009', 'SHOP_012_DY', 'P009', datetime('now', '-56 days'), 'active');
INSERT OR IGNORE INTO listings VALUES ('LST_012_010', 'SHOP_012_DY', 'P010', datetime('now', '-56 days'), 'active');
INSERT OR IGNORE INTO listings VALUES ('LST_012_011', 'SHOP_012_DY', 'P011', datetime('now', '-55 days'), 'active');
INSERT OR IGNORE INTO listings VALUES ('LST_012_012', 'SHOP_012_DY', 'P012', datetime('now', '-55 days'), 'active');
INSERT OR IGNORE INTO listings VALUES ('LST_012_013', 'SHOP_012_DY', 'P013', datetime('now', '-54 days'), 'active');
INSERT OR IGNORE INTO listings VALUES ('LST_012_014', 'SHOP_012_DY', 'P014', datetime('now', '-54 days'), 'active');
INSERT OR IGNORE INTO listings VALUES ('LST_012_015', 'SHOP_012_DY', 'P015', datetime('now', '-53 days'), 'active');
INSERT OR IGNORE INTO listings VALUES ('LST_012_016', 'SHOP_012_DY', 'P016', datetime('now', '-53 days'), 'active');
INSERT OR IGNORE INTO listings VALUES ('LST_012_017', 'SHOP_012_DY', 'P017', datetime('now', '-52 days'), 'active');
INSERT OR IGNORE INTO listings VALUES ('LST_012_018', 'SHOP_012_DY', 'P018', datetime('now', '-52 days'), 'active');
INSERT OR IGNORE INTO listings VALUES ('LST_012_019', 'SHOP_012_DY', 'P019', datetime('now', '-51 days'), 'active');
INSERT OR IGNORE INTO listings VALUES ('LST_012_020', 'SHOP_012_DY', 'P020', datetime('now', '-51 days'), 'active');
INSERT OR IGNORE INTO listings VALUES ('LST_012_021', 'SHOP_012_DY', 'P021', datetime('now', '-50 days'), 'active');
INSERT OR IGNORE INTO listings VALUES ('LST_012_022', 'SHOP_012_DY', 'P022', datetime('now', '-50 days'), 'active');
INSERT OR IGNORE INTO listings VALUES ('LST_012_023', 'SHOP_012_DY', 'P023', datetime('now', '-49 days'), 'active');
INSERT OR IGNORE INTO listings VALUES ('LST_012_024', 'SHOP_012_DY', 'P024', datetime('now', '-49 days'), 'active');
INSERT OR IGNORE INTO listings VALUES ('LST_012_025', 'SHOP_012_DY', 'P025', datetime('now', '-48 days'), 'active');
INSERT OR IGNORE INTO listings VALUES ('LST_012_026', 'SHOP_012_DY', 'P026', datetime('now', '-48 days'), 'active');
INSERT OR IGNORE INTO listings VALUES ('LST_012_027', 'SHOP_012_DY', 'P027', datetime('now', '-47 days'), 'active');
INSERT OR IGNORE INTO listings VALUES ('LST_012_028', 'SHOP_012_DY', 'P028', datetime('now', '-47 days'), 'active');
INSERT OR IGNORE INTO listings VALUES ('LST_012_029', 'SHOP_012_DY', 'P029', datetime('now', '-46 days'), 'active');
INSERT OR IGNORE INTO listings VALUES ('LST_012_030', 'SHOP_012_DY', 'P030', datetime('now', '-46 days'), 'active');
INSERT OR IGNORE INTO listings VALUES ('LST_012_031', 'SHOP_012_DY', 'P031', datetime('now', '-45 days'), 'active');
INSERT OR IGNORE INTO listings VALUES ('LST_012_032', 'SHOP_012_DY', 'P032', datetime('now', '-45 days'), 'active');
INSERT OR IGNORE INTO listings VALUES ('LST_012_033', 'SHOP_012_DY', 'P033', datetime('now', '-44 days'), 'active');
INSERT OR IGNORE INTO listings VALUES ('LST_012_034', 'SHOP_012_DY', 'P034', datetime('now', '-44 days'), 'active');
INSERT OR IGNORE INTO listings VALUES ('LST_012_035', 'SHOP_012_DY', 'P035', datetime('now', '-43 days'), 'active');
INSERT OR IGNORE INTO listings VALUES ('LST_012_036', 'SHOP_012_DY', 'P036', datetime('now', '-43 days'), 'active');
INSERT OR IGNORE INTO listings VALUES ('LST_012_037', 'SHOP_012_DY', 'P037', datetime('now', '-42 days'), 'active');
INSERT OR IGNORE INTO listings VALUES ('LST_012_038', 'SHOP_012_DY', 'P038', datetime('now', '-42 days'), 'active');
INSERT OR IGNORE INTO listings VALUES ('LST_012_039', 'SHOP_012_DY', 'P039', datetime('now', '-41 days'), 'active');
INSERT OR IGNORE INTO listings VALUES ('LST_012_040', 'SHOP_012_DY', 'P040', datetime('now', '-41 days'), 'active');
INSERT OR IGNORE INTO listings VALUES ('LST_012_041', 'SHOP_012_DY', 'P041', datetime('now', '-40 days'), 'active');
INSERT OR IGNORE INTO listings VALUES ('LST_012_042', 'SHOP_012_DY', 'P042', datetime('now', '-40 days'), 'active');
INSERT OR IGNORE INTO listings VALUES ('LST_012_043', 'SHOP_012_DY', 'P043', datetime('now', '-39 days'), 'active');
INSERT OR IGNORE INTO listings VALUES ('LST_012_044', 'SHOP_012_DY', 'P044', datetime('now', '-39 days'), 'active');
INSERT OR IGNORE INTO listings VALUES ('LST_012_045', 'SHOP_012_DY', 'P045', datetime('now', '-38 days'), 'active');
INSERT OR IGNORE INTO listings VALUES ('LST_012_046', 'SHOP_012_DY', 'P046', datetime('now', '-38 days'), 'active');
INSERT OR IGNORE INTO listings VALUES ('LST_012_047', 'SHOP_012_DY', 'P047', datetime('now', '-37 days'), 'active');
INSERT OR IGNORE INTO listings VALUES ('LST_012_048', 'SHOP_012_DY', 'P048', datetime('now', '-37 days'), 'active');
INSERT OR IGNORE INTO listings VALUES ('LST_012_049', 'SHOP_012_DY', 'P049', datetime('now', '-36 days'), 'active');
INSERT OR IGNORE INTO listings VALUES ('LST_012_050', 'SHOP_012_DY', 'P050', datetime('now', '-36 days'), 'active');

-- 淘宝50品 P051-P100
INSERT OR IGNORE INTO listings VALUES ('LST_012_051', 'SHOP_012_TB', 'P051', datetime('now', '-55 days'), 'active');
INSERT OR IGNORE INTO listings VALUES ('LST_012_052', 'SHOP_012_TB', 'P052', datetime('now', '-55 days'), 'active');
INSERT OR IGNORE INTO listings VALUES ('LST_012_053', 'SHOP_012_TB', 'P053', datetime('now', '-54 days'), 'active');
INSERT OR IGNORE INTO listings VALUES ('LST_012_054', 'SHOP_012_TB', 'P054', datetime('now', '-54 days'), 'active');
INSERT OR IGNORE INTO listings VALUES ('LST_012_055', 'SHOP_012_TB', 'P055', datetime('now', '-53 days'), 'active');
INSERT OR IGNORE INTO listings VALUES ('LST_012_056', 'SHOP_012_TB', 'P056', datetime('now', '-53 days'), 'active');
INSERT OR IGNORE INTO listings VALUES ('LST_012_057', 'SHOP_012_TB', 'P057', datetime('now', '-52 days'), 'active');
INSERT OR IGNORE INTO listings VALUES ('LST_012_058', 'SHOP_012_TB', 'P058', datetime('now', '-52 days'), 'active');
INSERT OR IGNORE INTO listings VALUES ('LST_012_059', 'SHOP_012_TB', 'P059', datetime('now', '-51 days'), 'active');
INSERT OR IGNORE INTO listings VALUES ('LST_012_060', 'SHOP_012_TB', 'P060', datetime('now', '-51 days'), 'active');
INSERT OR IGNORE INTO listings VALUES ('LST_012_061', 'SHOP_012_TB', 'P061', datetime('now', '-50 days'), 'active');
INSERT OR IGNORE INTO listings VALUES ('LST_012_062', 'SHOP_012_TB', 'P062', datetime('now', '-50 days'), 'active');
INSERT OR IGNORE INTO listings VALUES ('LST_012_063', 'SHOP_012_TB', 'P063', datetime('now', '-49 days'), 'active');
INSERT OR IGNORE INTO listings VALUES ('LST_012_064', 'SHOP_012_TB', 'P064', datetime('now', '-49 days'), 'active');
INSERT OR IGNORE INTO listings VALUES ('LST_012_065', 'SHOP_012_TB', 'P065', datetime('now', '-48 days'), 'active');
INSERT OR IGNORE INTO listings VALUES ('LST_012_066', 'SHOP_012_TB', 'P066', datetime('now', '-48 days'), 'active');
INSERT OR IGNORE INTO listings VALUES ('LST_012_067', 'SHOP_012_TB', 'P067', datetime('now', '-47 days'), 'active');
INSERT OR IGNORE INTO listings VALUES ('LST_012_068', 'SHOP_012_TB', 'P068', datetime('now', '-47 days'), 'active');
INSERT OR IGNORE INTO listings VALUES ('LST_012_069', 'SHOP_012_TB', 'P069', datetime('now', '-46 days'), 'active');
INSERT OR IGNORE INTO listings VALUES ('LST_012_070', 'SHOP_012_TB', 'P070', datetime('now', '-46 days'), 'active');
INSERT OR IGNORE INTO listings VALUES ('LST_012_071', 'SHOP_012_TB', 'P071', datetime('now', '-45 days'), 'active');
INSERT OR IGNORE INTO listings VALUES ('LST_012_072', 'SHOP_012_TB', 'P072', datetime('now', '-45 days'), 'active');
INSERT OR IGNORE INTO listings VALUES ('LST_012_073', 'SHOP_012_TB', 'P073', datetime('now', '-44 days'), 'active');
INSERT OR IGNORE INTO listings VALUES ('LST_012_074', 'SHOP_012_TB', 'P074', datetime('now', '-44 days'), 'active');
INSERT OR IGNORE INTO listings VALUES ('LST_012_075', 'SHOP_012_TB', 'P075', datetime('now', '-43 days'), 'active');
INSERT OR IGNORE INTO listings VALUES ('LST_012_076', 'SHOP_012_TB', 'P076', datetime('now', '-43 days'), 'active');
INSERT OR IGNORE INTO listings VALUES ('LST_012_077', 'SHOP_012_TB', 'P077', datetime('now', '-42 days'), 'active');
INSERT OR IGNORE INTO listings VALUES ('LST_012_078', 'SHOP_012_TB', 'P078', datetime('now', '-42 days'), 'active');
INSERT OR IGNORE INTO listings VALUES ('LST_012_079', 'SHOP_012_TB', 'P079', datetime('now', '-41 days'), 'active');
INSERT OR IGNORE INTO listings VALUES ('LST_012_080', 'SHOP_012_TB', 'P080', datetime('now', '-41 days'), 'active');
INSERT OR IGNORE INTO listings VALUES ('LST_012_081', 'SHOP_012_TB', 'P081', datetime('now', '-40 days'), 'active');
INSERT OR IGNORE INTO listings VALUES ('LST_012_082', 'SHOP_012_TB', 'P082', datetime('now', '-40 days'), 'active');
INSERT OR IGNORE INTO listings VALUES ('LST_012_083', 'SHOP_012_TB', 'P083', datetime('now', '-39 days'), 'active');
INSERT OR IGNORE INTO listings VALUES ('LST_012_084', 'SHOP_012_TB', 'P084', datetime('now', '-39 days'), 'active');
INSERT OR IGNORE INTO listings VALUES ('LST_012_085', 'SHOP_012_TB', 'P085', datetime('now', '-38 days'), 'active');
INSERT OR IGNORE INTO listings VALUES ('LST_012_086', 'SHOP_012_TB', 'P086', datetime('now', '-38 days'), 'active');
INSERT OR IGNORE INTO listings VALUES ('LST_012_087', 'SHOP_012_TB', 'P087', datetime('now', '-37 days'), 'active');
INSERT OR IGNORE INTO listings VALUES ('LST_012_088', 'SHOP_012_TB', 'P088', datetime('now', '-37 days'), 'active');
INSERT OR IGNORE INTO listings VALUES ('LST_012_089', 'SHOP_012_TB', 'P089', datetime('now', '-36 days'), 'active');
INSERT OR IGNORE INTO listings VALUES ('LST_012_090', 'SHOP_012_TB', 'P090', datetime('now', '-36 days'), 'active');
INSERT OR IGNORE INTO listings VALUES ('LST_012_091', 'SHOP_012_TB', 'P091', datetime('now', '-35 days'), 'active');
INSERT OR IGNORE INTO listings VALUES ('LST_012_092', 'SHOP_012_TB', 'P092', datetime('now', '-35 days'), 'active');
INSERT OR IGNORE INTO listings VALUES ('LST_012_093', 'SHOP_012_TB', 'P093', datetime('now', '-34 days'), 'active');
INSERT OR IGNORE INTO listings VALUES ('LST_012_094', 'SHOP_012_TB', 'P094', datetime('now', '-34 days'), 'active');
INSERT OR IGNORE INTO listings VALUES ('LST_012_095', 'SHOP_012_TB', 'P095', datetime('now', '-33 days'), 'active');
INSERT OR IGNORE INTO listings VALUES ('LST_012_096', 'SHOP_012_TB', 'P096', datetime('now', '-33 days'), 'active');
INSERT OR IGNORE INTO listings VALUES ('LST_012_097', 'SHOP_012_TB', 'P097', datetime('now', '-32 days'), 'active');
INSERT OR IGNORE INTO listings VALUES ('LST_012_098', 'SHOP_012_TB', 'P098', datetime('now', '-32 days'), 'active');
INSERT OR IGNORE INTO listings VALUES ('LST_012_099', 'SHOP_012_TB', 'P099', datetime('now', '-31 days'), 'active');
INSERT OR IGNORE INTO listings VALUES ('LST_012_100', 'SHOP_012_TB', 'P100', datetime('now', '-31 days'), 'active');

-- 抖音出单 35单/天，近30天（每天10行覆盖主要SKU）
INSERT OR IGNORE INTO orders VALUES ('ORD_012_001', 'SHOP_012_DY', 'P002', date('now', '-1 days'), 8, 148.0);
INSERT OR IGNORE INTO orders VALUES ('ORD_012_002', 'SHOP_012_DY', 'P018', date('now', '-1 days'), 7, 210.0);
INSERT OR IGNORE INTO orders VALUES ('ORD_012_003', 'SHOP_012_DY', 'P025', date('now', '-1 days'), 5, 50.0);
INSERT OR IGNORE INTO orders VALUES ('ORD_012_004', 'SHOP_012_DY', 'P022', date('now', '-1 days'), 4, 88.0);
INSERT OR IGNORE INTO orders VALUES ('ORD_012_005', 'SHOP_012_DY', 'P047', date('now', '-1 days'), 3, 135.0);
INSERT OR IGNORE INTO orders VALUES ('ORD_012_006', 'SHOP_012_DY', 'P050', date('now', '-1 days'), 3, 114.0);
INSERT OR IGNORE INTO orders VALUES ('ORD_012_007', 'SHOP_012_DY', 'P024', date('now', '-1 days'), 2, 56.0);
INSERT OR IGNORE INTO orders VALUES ('ORD_012_008', 'SHOP_012_DY', 'P007', date('now', '-1 days'), 2, 24.0);
INSERT OR IGNORE INTO orders VALUES ('ORD_012_009', 'SHOP_012_DY', 'P011', date('now', '-1 days'), 1, 38.0);
INSERT OR IGNORE INTO orders VALUES ('ORD_012_010', 'SHOP_012_DY', 'P027', date('now', '-1 days'), 1, 18.0);
INSERT OR IGNORE INTO orders VALUES ('ORD_012_011', 'SHOP_012_DY', 'P001', date('now', '-1 days'), 1, 25.8);
INSERT OR IGNORE INTO orders VALUES ('ORD_012_012', 'SHOP_012_DY', 'P002', date('now', '-2 days'), 8, 148.0);
INSERT OR IGNORE INTO orders VALUES ('ORD_012_013', 'SHOP_012_DY', 'P018', date('now', '-2 days'), 7, 210.0);
INSERT OR IGNORE INTO orders VALUES ('ORD_012_014', 'SHOP_012_DY', 'P025', date('now', '-2 days'), 5, 50.0);
INSERT OR IGNORE INTO orders VALUES ('ORD_012_015', 'SHOP_012_DY', 'P022', date('now', '-2 days'), 4, 88.0);
INSERT OR IGNORE INTO orders VALUES ('ORD_012_016', 'SHOP_012_DY', 'P047', date('now', '-2 days'), 3, 135.0);
INSERT OR IGNORE INTO orders VALUES ('ORD_012_017', 'SHOP_012_DY', 'P050', date('now', '-2 days'), 3, 114.0);
INSERT OR IGNORE INTO orders VALUES ('ORD_012_018', 'SHOP_012_DY', 'P024', date('now', '-2 days'), 2, 56.0);
INSERT OR IGNORE INTO orders VALUES ('ORD_012_019', 'SHOP_012_DY', 'P027', date('now', '-2 days'), 2, 36.0);
INSERT OR IGNORE INTO orders VALUES ('ORD_012_020', 'SHOP_012_DY', 'P035', date('now', '-2 days'), 1, 45.0);
INSERT OR IGNORE INTO orders VALUES ('ORD_012_021', 'SHOP_012_DY', 'P039', date('now', '-2 days'), 1, 28.0);
INSERT OR IGNORE INTO orders VALUES ('ORD_012_022', 'SHOP_012_DY', 'P043', date('now', '-2 days'), 1, 25.0);
-- Days -3 through -7 (same volume)
INSERT OR IGNORE INTO orders VALUES ('ORD_012_023', 'SHOP_012_DY', 'P002', date('now', '-3 days'), 8, 148.0);
INSERT OR IGNORE INTO orders VALUES ('ORD_012_024', 'SHOP_012_DY', 'P018', date('now', '-3 days'), 7, 210.0);
INSERT OR IGNORE INTO orders VALUES ('ORD_012_025', 'SHOP_012_DY', 'P025', date('now', '-3 days'), 5, 50.0);
INSERT OR IGNORE INTO orders VALUES ('ORD_012_026', 'SHOP_012_DY', 'P022', date('now', '-3 days'), 4, 88.0);
INSERT OR IGNORE INTO orders VALUES ('ORD_012_027', 'SHOP_012_DY', 'P047', date('now', '-3 days'), 3, 135.0);
INSERT OR IGNORE INTO orders VALUES ('ORD_012_028', 'SHOP_012_DY', 'P050', date('now', '-3 days'), 3, 114.0);
INSERT OR IGNORE INTO orders VALUES ('ORD_012_029', 'SHOP_012_DY', 'P001', date('now', '-3 days'), 2, 51.6);
INSERT OR IGNORE INTO orders VALUES ('ORD_012_030', 'SHOP_012_DY', 'P024', date('now', '-3 days'), 2, 56.0);
INSERT OR IGNORE INTO orders VALUES ('ORD_012_031', 'SHOP_012_DY', 'P011', date('now', '-3 days'), 1, 38.0);
INSERT OR IGNORE INTO orders VALUES ('ORD_012_032', 'SHOP_012_DY', 'P002', date('now', '-5 days'), 8, 148.0);
INSERT OR IGNORE INTO orders VALUES ('ORD_012_033', 'SHOP_012_DY', 'P018', date('now', '-5 days'), 7, 210.0);
INSERT OR IGNORE INTO orders VALUES ('ORD_012_034', 'SHOP_012_DY', 'P025', date('now', '-5 days'), 5, 50.0);
INSERT OR IGNORE INTO orders VALUES ('ORD_012_035', 'SHOP_012_DY', 'P022', date('now', '-5 days'), 4, 88.0);
INSERT OR IGNORE INTO orders VALUES ('ORD_012_036', 'SHOP_012_DY', 'P047', date('now', '-5 days'), 3, 135.0);
INSERT OR IGNORE INTO orders VALUES ('ORD_012_037', 'SHOP_012_DY', 'P050', date('now', '-5 days'), 3, 114.0);
INSERT OR IGNORE INTO orders VALUES ('ORD_012_038', 'SHOP_012_DY', 'P027', date('now', '-5 days'), 2, 36.0);
INSERT OR IGNORE INTO orders VALUES ('ORD_012_039', 'SHOP_012_DY', 'P007', date('now', '-5 days'), 2, 24.0);
INSERT OR IGNORE INTO orders VALUES ('ORD_012_040', 'SHOP_012_DY', 'P029', date('now', '-5 days'), 1, 32.0);
INSERT OR IGNORE INTO orders VALUES ('ORD_012_041', 'SHOP_012_DY', 'P002', date('now', '-7 days'), 8, 148.0);
INSERT OR IGNORE INTO orders VALUES ('ORD_012_042', 'SHOP_012_DY', 'P018', date('now', '-7 days'), 7, 210.0);
INSERT OR IGNORE INTO orders VALUES ('ORD_012_043', 'SHOP_012_DY', 'P025', date('now', '-7 days'), 5, 50.0);
INSERT OR IGNORE INTO orders VALUES ('ORD_012_044', 'SHOP_012_DY', 'P022', date('now', '-7 days'), 4, 88.0);
INSERT OR IGNORE INTO orders VALUES ('ORD_012_045', 'SHOP_012_DY', 'P047', date('now', '-7 days'), 3, 135.0);
INSERT OR IGNORE INTO orders VALUES ('ORD_012_046', 'SHOP_012_DY', 'P050', date('now', '-7 days'), 3, 114.0);
INSERT OR IGNORE INTO orders VALUES ('ORD_012_047', 'SHOP_012_DY', 'P024', date('now', '-7 days'), 2, 56.0);
INSERT OR IGNORE INTO orders VALUES ('ORD_012_048', 'SHOP_012_DY', 'P001', date('now', '-7 days'), 2, 51.6);
INSERT OR IGNORE INTO orders VALUES ('ORD_012_049', 'SHOP_012_DY', 'P043', date('now', '-7 days'), 1, 25.0);
INSERT OR IGNORE INTO orders VALUES ('ORD_012_050', 'SHOP_012_DY', 'P002', date('now', '-10 days'), 8, 148.0);
INSERT OR IGNORE INTO orders VALUES ('ORD_012_051', 'SHOP_012_DY', 'P018', date('now', '-10 days'), 7, 210.0);
INSERT OR IGNORE INTO orders VALUES ('ORD_012_052', 'SHOP_012_DY', 'P025', date('now', '-10 days'), 5, 50.0);
INSERT OR IGNORE INTO orders VALUES ('ORD_012_053', 'SHOP_012_DY', 'P022', date('now', '-10 days'), 4, 88.0);
INSERT OR IGNORE INTO orders VALUES ('ORD_012_054', 'SHOP_012_DY', 'P047', date('now', '-10 days'), 4, 180.0);
INSERT OR IGNORE INTO orders VALUES ('ORD_012_055', 'SHOP_012_DY', 'P050', date('now', '-10 days'), 3, 114.0);
INSERT OR IGNORE INTO orders VALUES ('ORD_012_056', 'SHOP_012_DY', 'P027', date('now', '-10 days'), 2, 36.0);
INSERT OR IGNORE INTO orders VALUES ('ORD_012_057', 'SHOP_012_DY', 'P011', date('now', '-10 days'), 2, 76.0);
INSERT OR IGNORE INTO orders VALUES ('ORD_012_058', 'SHOP_012_DY', 'P002', date('now', '-15 days'), 8, 148.0);
INSERT OR IGNORE INTO orders VALUES ('ORD_012_059', 'SHOP_012_DY', 'P018', date('now', '-15 days'), 7, 210.0);
INSERT OR IGNORE INTO orders VALUES ('ORD_012_060', 'SHOP_012_DY', 'P025', date('now', '-15 days'), 5, 50.0);
INSERT OR IGNORE INTO orders VALUES ('ORD_012_061', 'SHOP_012_DY', 'P022', date('now', '-15 days'), 4, 88.0);
INSERT OR IGNORE INTO orders VALUES ('ORD_012_062', 'SHOP_012_DY', 'P047', date('now', '-15 days'), 3, 135.0);
INSERT OR IGNORE INTO orders VALUES ('ORD_012_063', 'SHOP_012_DY', 'P050', date('now', '-15 days'), 3, 114.0);
INSERT OR IGNORE INTO orders VALUES ('ORD_012_064', 'SHOP_012_DY', 'P035', date('now', '-15 days'), 3, 135.0);
INSERT OR IGNORE INTO orders VALUES ('ORD_012_065', 'SHOP_012_DY', 'P024', date('now', '-15 days'), 2, 56.0);
INSERT OR IGNORE INTO orders VALUES ('ORD_012_066', 'SHOP_012_DY', 'P002', date('now', '-20 days'), 8, 148.0);
INSERT OR IGNORE INTO orders VALUES ('ORD_012_067', 'SHOP_012_DY', 'P018', date('now', '-20 days'), 7, 210.0);
INSERT OR IGNORE INTO orders VALUES ('ORD_012_068', 'SHOP_012_DY', 'P025', date('now', '-20 days'), 5, 50.0);
INSERT OR IGNORE INTO orders VALUES ('ORD_012_069', 'SHOP_012_DY', 'P022', date('now', '-20 days'), 4, 88.0);
INSERT OR IGNORE INTO orders VALUES ('ORD_012_070', 'SHOP_012_DY', 'P047', date('now', '-20 days'), 3, 135.0);
INSERT OR IGNORE INTO orders VALUES ('ORD_012_071', 'SHOP_012_DY', 'P050', date('now', '-20 days'), 3, 114.0);
INSERT OR IGNORE INTO orders VALUES ('ORD_012_072', 'SHOP_012_DY', 'P027', date('now', '-20 days'), 3, 54.0);
INSERT OR IGNORE INTO orders VALUES ('ORD_012_073', 'SHOP_012_DY', 'P001', date('now', '-20 days'), 2, 51.6);
INSERT OR IGNORE INTO orders VALUES ('ORD_012_074', 'SHOP_012_DY', 'P002', date('now', '-25 days'), 8, 148.0);
INSERT OR IGNORE INTO orders VALUES ('ORD_012_075', 'SHOP_012_DY', 'P018', date('now', '-25 days'), 7, 210.0);
INSERT OR IGNORE INTO orders VALUES ('ORD_012_076', 'SHOP_012_DY', 'P025', date('now', '-25 days'), 5, 50.0);
INSERT OR IGNORE INTO orders VALUES ('ORD_012_077', 'SHOP_012_DY', 'P022', date('now', '-25 days'), 4, 88.0);
INSERT OR IGNORE INTO orders VALUES ('ORD_012_078', 'SHOP_012_DY', 'P047', date('now', '-25 days'), 3, 135.0);
INSERT OR IGNORE INTO orders VALUES ('ORD_012_079', 'SHOP_012_DY', 'P050', date('now', '-25 days'), 3, 114.0);
INSERT OR IGNORE INTO orders VALUES ('ORD_012_080', 'SHOP_012_DY', 'P011', date('now', '-25 days'), 3, 114.0);
INSERT OR IGNORE INTO orders VALUES ('ORD_012_081', 'SHOP_012_DY', 'P024', date('now', '-25 days'), 2, 56.0);
INSERT OR IGNORE INTO orders VALUES ('ORD_012_082', 'SHOP_012_DY', 'P002', date('now', '-30 days'), 8, 148.0);
INSERT OR IGNORE INTO orders VALUES ('ORD_012_083', 'SHOP_012_DY', 'P018', date('now', '-30 days'), 7, 210.0);
INSERT OR IGNORE INTO orders VALUES ('ORD_012_084', 'SHOP_012_DY', 'P025', date('now', '-30 days'), 5, 50.0);
INSERT OR IGNORE INTO orders VALUES ('ORD_012_085', 'SHOP_012_DY', 'P022', date('now', '-30 days'), 4, 88.0);
INSERT OR IGNORE INTO orders VALUES ('ORD_012_086', 'SHOP_012_DY', 'P047', date('now', '-30 days'), 3, 135.0);
INSERT OR IGNORE INTO orders VALUES ('ORD_012_087', 'SHOP_012_DY', 'P050', date('now', '-30 days'), 3, 114.0);
INSERT OR IGNORE INTO orders VALUES ('ORD_012_088', 'SHOP_012_DY', 'P027', date('now', '-30 days'), 3, 54.0);
INSERT OR IGNORE INTO orders VALUES ('ORD_012_089', 'SHOP_012_DY', 'P039', date('now', '-30 days'), 2, 56.0);

-- 淘宝出单 25单/天，近30天（代表性记录）
INSERT OR IGNORE INTO orders VALUES ('ORD_012_090', 'SHOP_012_TB', 'P082', date('now', '-1 days'), 5, 75.0);
INSERT OR IGNORE INTO orders VALUES ('ORD_012_091', 'SHOP_012_TB', 'P085', date('now', '-1 days'), 4, 32.0);
INSERT OR IGNORE INTO orders VALUES ('ORD_012_092', 'SHOP_012_TB', 'P081', date('now', '-1 days'), 3, 36.0);
INSERT OR IGNORE INTO orders VALUES ('ORD_012_093', 'SHOP_012_TB', 'P098', date('now', '-1 days'), 3, 96.0);
INSERT OR IGNORE INTO orders VALUES ('ORD_012_094', 'SHOP_012_TB', 'P094', date('now', '-1 days'), 2, 110.0);
INSERT OR IGNORE INTO orders VALUES ('ORD_012_095', 'SHOP_012_TB', 'P063', date('now', '-1 days'), 2, 44.0);
INSERT OR IGNORE INTO orders VALUES ('ORD_012_096', 'SHOP_012_TB', 'P071', date('now', '-1 days'), 2, 50.0);
INSERT OR IGNORE INTO orders VALUES ('ORD_012_097', 'SHOP_012_TB', 'P073', date('now', '-1 days'), 2, 24.0);
INSERT OR IGNORE INTO orders VALUES ('ORD_012_098', 'SHOP_012_TB', 'P055', date('now', '-1 days'), 1, 22.0);
INSERT OR IGNORE INTO orders VALUES ('ORD_012_099', 'SHOP_012_TB', 'P060', date('now', '-1 days'), 1, 88.0);
INSERT OR IGNORE INTO orders VALUES ('ORD_012_100', 'SHOP_012_TB', 'P082', date('now', '-2 days'), 5, 75.0);
INSERT OR IGNORE INTO orders VALUES ('ORD_012_101', 'SHOP_012_TB', 'P085', date('now', '-2 days'), 4, 32.0);
INSERT OR IGNORE INTO orders VALUES ('ORD_012_102', 'SHOP_012_TB', 'P098', date('now', '-2 days'), 3, 96.0);
INSERT OR IGNORE INTO orders VALUES ('ORD_012_103', 'SHOP_012_TB', 'P081', date('now', '-2 days'), 3, 36.0);
INSERT OR IGNORE INTO orders VALUES ('ORD_012_104', 'SHOP_012_TB', 'P094', date('now', '-2 days'), 2, 110.0);
INSERT OR IGNORE INTO orders VALUES ('ORD_012_105', 'SHOP_012_TB', 'P071', date('now', '-2 days'), 2, 50.0);
INSERT OR IGNORE INTO orders VALUES ('ORD_012_106', 'SHOP_012_TB', 'P063', date('now', '-2 days'), 2, 44.0);
INSERT OR IGNORE INTO orders VALUES ('ORD_012_107', 'SHOP_012_TB', 'P073', date('now', '-2 days'), 2, 24.0);
INSERT OR IGNORE INTO orders VALUES ('ORD_012_108', 'SHOP_012_TB', 'P091', date('now', '-2 days'), 1, 75.0);
INSERT OR IGNORE INTO orders VALUES ('ORD_012_109', 'SHOP_012_TB', 'P055', date('now', '-2 days'), 1, 22.0);
INSERT OR IGNORE INTO orders VALUES ('ORD_012_110', 'SHOP_012_TB', 'P082', date('now', '-5 days'), 5, 75.0);
INSERT OR IGNORE INTO orders VALUES ('ORD_012_111', 'SHOP_012_TB', 'P085', date('now', '-5 days'), 4, 32.0);
INSERT OR IGNORE INTO orders VALUES ('ORD_012_112', 'SHOP_012_TB', 'P098', date('now', '-5 days'), 3, 96.0);
INSERT OR IGNORE INTO orders VALUES ('ORD_012_113', 'SHOP_012_TB', 'P081', date('now', '-5 days'), 3, 36.0);
INSERT OR IGNORE INTO orders VALUES ('ORD_012_114', 'SHOP_012_TB', 'P094', date('now', '-5 days'), 2, 110.0);
INSERT OR IGNORE INTO orders VALUES ('ORD_012_115', 'SHOP_012_TB', 'P071', date('now', '-5 days'), 2, 50.0);
INSERT OR IGNORE INTO orders VALUES ('ORD_012_116', 'SHOP_012_TB', 'P063', date('now', '-5 days'), 2, 44.0);
INSERT OR IGNORE INTO orders VALUES ('ORD_012_117', 'SHOP_012_TB', 'P067', date('now', '-5 days'), 2, 56.0);
INSERT OR IGNORE INTO orders VALUES ('ORD_012_118', 'SHOP_012_TB', 'P073', date('now', '-5 days'), 2, 24.0);
INSERT OR IGNORE INTO orders VALUES ('ORD_012_119', 'SHOP_012_TB', 'P082', date('now', '-10 days'), 5, 75.0);
INSERT OR IGNORE INTO orders VALUES ('ORD_012_120', 'SHOP_012_TB', 'P085', date('now', '-10 days'), 4, 32.0);
INSERT OR IGNORE INTO orders VALUES ('ORD_012_121', 'SHOP_012_TB', 'P098', date('now', '-10 days'), 3, 96.0);
INSERT OR IGNORE INTO orders VALUES ('ORD_012_122', 'SHOP_012_TB', 'P081', date('now', '-10 days'), 3, 36.0);
INSERT OR IGNORE INTO orders VALUES ('ORD_012_123', 'SHOP_012_TB', 'P094', date('now', '-10 days'), 2, 110.0);
INSERT OR IGNORE INTO orders VALUES ('ORD_012_124', 'SHOP_012_TB', 'P071', date('now', '-10 days'), 2, 50.0);
INSERT OR IGNORE INTO orders VALUES ('ORD_012_125', 'SHOP_012_TB', 'P055', date('now', '-10 days'), 3, 66.0);
INSERT OR IGNORE INTO orders VALUES ('ORD_012_126', 'SHOP_012_TB', 'P060', date('now', '-10 days'), 2, 176.0);
INSERT OR IGNORE INTO orders VALUES ('ORD_012_127', 'SHOP_012_TB', 'P082', date('now', '-20 days'), 5, 75.0);
INSERT OR IGNORE INTO orders VALUES ('ORD_012_128', 'SHOP_012_TB', 'P085', date('now', '-20 days'), 4, 32.0);
INSERT OR IGNORE INTO orders VALUES ('ORD_012_129', 'SHOP_012_TB', 'P098', date('now', '-20 days'), 3, 96.0);
INSERT OR IGNORE INTO orders VALUES ('ORD_012_130', 'SHOP_012_TB', 'P081', date('now', '-20 days'), 3, 36.0);
INSERT OR IGNORE INTO orders VALUES ('ORD_012_131', 'SHOP_012_TB', 'P094', date('now', '-20 days'), 2, 110.0);
INSERT OR IGNORE INTO orders VALUES ('ORD_012_132', 'SHOP_012_TB', 'P073', date('now', '-20 days'), 3, 36.0);
INSERT OR IGNORE INTO orders VALUES ('ORD_012_133', 'SHOP_012_TB', 'P071', date('now', '-20 days'), 3, 75.0);
INSERT OR IGNORE INTO orders VALUES ('ORD_012_134', 'SHOP_012_TB', 'P063', date('now', '-20 days'), 2, 44.0);
INSERT OR IGNORE INTO orders VALUES ('ORD_012_135', 'SHOP_012_TB', 'P082', date('now', '-30 days'), 5, 75.0);
INSERT OR IGNORE INTO orders VALUES ('ORD_012_136', 'SHOP_012_TB', 'P085', date('now', '-30 days'), 4, 32.0);
INSERT OR IGNORE INTO orders VALUES ('ORD_012_137', 'SHOP_012_TB', 'P098', date('now', '-30 days'), 3, 96.0);
INSERT OR IGNORE INTO orders VALUES ('ORD_012_138', 'SHOP_012_TB', 'P081', date('now', '-30 days'), 3, 36.0);
INSERT OR IGNORE INTO orders VALUES ('ORD_012_139', 'SHOP_012_TB', 'P094', date('now', '-30 days'), 2, 110.0);
INSERT OR IGNORE INTO orders VALUES ('ORD_012_140', 'SHOP_012_TB', 'P071', date('now', '-30 days'), 2, 50.0);
INSERT OR IGNORE INTO orders VALUES ('ORD_012_141', 'SHOP_012_TB', 'P063', date('now', '-30 days'), 2, 44.0);
INSERT OR IGNORE INTO orders VALUES ('ORD_012_142', 'SHOP_012_TB', 'P091', date('now', '-30 days'), 2, 150.0);
INSERT OR IGNORE INTO orders VALUES ('ORD_012_143', 'SHOP_012_TB', 'P055', date('now', '-30 days'), 2, 44.0);
