-- user_007: 多平台，抖音+拼多多，各15品，抖音5单/天，拼多多2单/天
INSERT OR IGNORE INTO users VALUES ('user_007', 'AK_USER007_VALID_KEY', 'configured', '双平台运营，抖音露营户外+拼多多大码女装', datetime('now'));

INSERT OR IGNORE INTO shops VALUES ('SHOP_007_DY', 'user_007', '我的抖音户外店', 'douyin', 1, datetime('now', '+180 days'));
INSERT OR IGNORE INTO shops VALUES ('SHOP_007_PDD', 'user_007', '我的拼多多大码店', 'pinduoduo', 1, datetime('now', '+180 days'));

-- 抖音15个上架商品（露营 P031-P045）
INSERT OR IGNORE INTO listings VALUES ('LST_007_001', 'SHOP_007_DY', 'P031', datetime('now', '-25 days'), 'active');
INSERT OR IGNORE INTO listings VALUES ('LST_007_002', 'SHOP_007_DY', 'P032', datetime('now', '-25 days'), 'active');
INSERT OR IGNORE INTO listings VALUES ('LST_007_003', 'SHOP_007_DY', 'P033', datetime('now', '-24 days'), 'active');
INSERT OR IGNORE INTO listings VALUES ('LST_007_004', 'SHOP_007_DY', 'P034', datetime('now', '-24 days'), 'active');
INSERT OR IGNORE INTO listings VALUES ('LST_007_005', 'SHOP_007_DY', 'P035', datetime('now', '-23 days'), 'active');
INSERT OR IGNORE INTO listings VALUES ('LST_007_006', 'SHOP_007_DY', 'P036', datetime('now', '-23 days'), 'active');
INSERT OR IGNORE INTO listings VALUES ('LST_007_007', 'SHOP_007_DY', 'P037', datetime('now', '-22 days'), 'active');
INSERT OR IGNORE INTO listings VALUES ('LST_007_008', 'SHOP_007_DY', 'P038', datetime('now', '-22 days'), 'active');
INSERT OR IGNORE INTO listings VALUES ('LST_007_009', 'SHOP_007_DY', 'P039', datetime('now', '-21 days'), 'active');
INSERT OR IGNORE INTO listings VALUES ('LST_007_010', 'SHOP_007_DY', 'P040', datetime('now', '-21 days'), 'active');
INSERT OR IGNORE INTO listings VALUES ('LST_007_011', 'SHOP_007_DY', 'P041', datetime('now', '-20 days'), 'active');
INSERT OR IGNORE INTO listings VALUES ('LST_007_012', 'SHOP_007_DY', 'P042', datetime('now', '-20 days'), 'active');
INSERT OR IGNORE INTO listings VALUES ('LST_007_013', 'SHOP_007_DY', 'P043', datetime('now', '-19 days'), 'active');
INSERT OR IGNORE INTO listings VALUES ('LST_007_014', 'SHOP_007_DY', 'P044', datetime('now', '-19 days'), 'active');
INSERT OR IGNORE INTO listings VALUES ('LST_007_015', 'SHOP_007_DY', 'P045', datetime('now', '-18 days'), 'active');

-- 拼多多15个上架商品（大码女装 P046-P060）
INSERT OR IGNORE INTO listings VALUES ('LST_007_016', 'SHOP_007_PDD', 'P046', datetime('now', '-20 days'), 'active');
INSERT OR IGNORE INTO listings VALUES ('LST_007_017', 'SHOP_007_PDD', 'P047', datetime('now', '-20 days'), 'active');
INSERT OR IGNORE INTO listings VALUES ('LST_007_018', 'SHOP_007_PDD', 'P048', datetime('now', '-19 days'), 'active');
INSERT OR IGNORE INTO listings VALUES ('LST_007_019', 'SHOP_007_PDD', 'P049', datetime('now', '-19 days'), 'active');
INSERT OR IGNORE INTO listings VALUES ('LST_007_020', 'SHOP_007_PDD', 'P050', datetime('now', '-18 days'), 'active');
INSERT OR IGNORE INTO listings VALUES ('LST_007_021', 'SHOP_007_PDD', 'P051', datetime('now', '-18 days'), 'active');
INSERT OR IGNORE INTO listings VALUES ('LST_007_022', 'SHOP_007_PDD', 'P052', datetime('now', '-17 days'), 'active');
INSERT OR IGNORE INTO listings VALUES ('LST_007_023', 'SHOP_007_PDD', 'P053', datetime('now', '-17 days'), 'active');
INSERT OR IGNORE INTO listings VALUES ('LST_007_024', 'SHOP_007_PDD', 'P054', datetime('now', '-16 days'), 'active');
INSERT OR IGNORE INTO listings VALUES ('LST_007_025', 'SHOP_007_PDD', 'P055', datetime('now', '-16 days'), 'active');
INSERT OR IGNORE INTO listings VALUES ('LST_007_026', 'SHOP_007_PDD', 'P056', datetime('now', '-15 days'), 'active');
INSERT OR IGNORE INTO listings VALUES ('LST_007_027', 'SHOP_007_PDD', 'P057', datetime('now', '-15 days'), 'active');
INSERT OR IGNORE INTO listings VALUES ('LST_007_028', 'SHOP_007_PDD', 'P058', datetime('now', '-14 days'), 'active');
INSERT OR IGNORE INTO listings VALUES ('LST_007_029', 'SHOP_007_PDD', 'P059', datetime('now', '-14 days'), 'active');
INSERT OR IGNORE INTO listings VALUES ('LST_007_030', 'SHOP_007_PDD', 'P060', datetime('now', '-13 days'), 'active');

-- 抖音出单（5单/天，近14天）
INSERT OR IGNORE INTO orders VALUES ('ORD_007_001', 'SHOP_007_DY', 'P035', date('now', '-1 days'), 1, 45.0);
INSERT OR IGNORE INTO orders VALUES ('ORD_007_002', 'SHOP_007_DY', 'P033', date('now', '-1 days'), 1, 65.0);
INSERT OR IGNORE INTO orders VALUES ('ORD_007_003', 'SHOP_007_DY', 'P039', date('now', '-1 days'), 2, 56.0);
INSERT OR IGNORE INTO orders VALUES ('ORD_007_004', 'SHOP_007_DY', 'P043', date('now', '-1 days'), 1, 25.0);
INSERT OR IGNORE INTO orders VALUES ('ORD_007_005', 'SHOP_007_DY', 'P038', date('now', '-1 days'), 1, 58.0);
INSERT OR IGNORE INTO orders VALUES ('ORD_007_006', 'SHOP_007_DY', 'P035', date('now', '-2 days'), 2, 90.0);
INSERT OR IGNORE INTO orders VALUES ('ORD_007_007', 'SHOP_007_DY', 'P045', date('now', '-2 days'), 3, 54.0);
INSERT OR IGNORE INTO orders VALUES ('ORD_007_008', 'SHOP_007_DY', 'P033', date('now', '-2 days'), 1, 65.0);
INSERT OR IGNORE INTO orders VALUES ('ORD_007_009', 'SHOP_007_DY', 'P039', date('now', '-2 days'), 1, 28.0);
INSERT OR IGNORE INTO orders VALUES ('ORD_007_010', 'SHOP_007_DY', 'P041', date('now', '-2 days'), 1, 98.0);
INSERT OR IGNORE INTO orders VALUES ('ORD_007_011', 'SHOP_007_DY', 'P043', date('now', '-3 days'), 2, 50.0);
INSERT OR IGNORE INTO orders VALUES ('ORD_007_012', 'SHOP_007_DY', 'P035', date('now', '-3 days'), 1, 45.0);
INSERT OR IGNORE INTO orders VALUES ('ORD_007_013', 'SHOP_007_DY', 'P038', date('now', '-3 days'), 1, 58.0);
INSERT OR IGNORE INTO orders VALUES ('ORD_007_014', 'SHOP_007_DY', 'P040', date('now', '-3 days'), 1, 35.0);
INSERT OR IGNORE INTO orders VALUES ('ORD_007_015', 'SHOP_007_DY', 'P033', date('now', '-3 days'), 1, 65.0);
INSERT OR IGNORE INTO orders VALUES ('ORD_007_016', 'SHOP_007_DY', 'P035', date('now', '-4 days'), 2, 90.0);
INSERT OR IGNORE INTO orders VALUES ('ORD_007_017', 'SHOP_007_DY', 'P045', date('now', '-4 days'), 2, 36.0);
INSERT OR IGNORE INTO orders VALUES ('ORD_007_018', 'SHOP_007_DY', 'P039', date('now', '-4 days'), 1, 28.0);
INSERT OR IGNORE INTO orders VALUES ('ORD_007_019', 'SHOP_007_DY', 'P043', date('now', '-4 days'), 1, 25.0);
INSERT OR IGNORE INTO orders VALUES ('ORD_007_020', 'SHOP_007_DY', 'P031', date('now', '-4 days'), 1, 89.0);
INSERT OR IGNORE INTO orders VALUES ('ORD_007_021', 'SHOP_007_DY', 'P033', date('now', '-5 days'), 1, 65.0);
INSERT OR IGNORE INTO orders VALUES ('ORD_007_022', 'SHOP_007_DY', 'P035', date('now', '-5 days'), 1, 45.0);
INSERT OR IGNORE INTO orders VALUES ('ORD_007_023', 'SHOP_007_DY', 'P038', date('now', '-5 days'), 2, 116.0);
INSERT OR IGNORE INTO orders VALUES ('ORD_007_024', 'SHOP_007_DY', 'P043', date('now', '-5 days'), 1, 25.0);
INSERT OR IGNORE INTO orders VALUES ('ORD_007_025', 'SHOP_007_DY', 'P040', date('now', '-5 days'), 1, 35.0);
INSERT OR IGNORE INTO orders VALUES ('ORD_007_026', 'SHOP_007_DY', 'P035', date('now', '-6 days'), 2, 90.0);
INSERT OR IGNORE INTO orders VALUES ('ORD_007_027', 'SHOP_007_DY', 'P033', date('now', '-6 days'), 1, 65.0);
INSERT OR IGNORE INTO orders VALUES ('ORD_007_028', 'SHOP_007_DY', 'P045', date('now', '-6 days'), 2, 36.0);
INSERT OR IGNORE INTO orders VALUES ('ORD_007_029', 'SHOP_007_DY', 'P039', date('now', '-6 days'), 1, 28.0);
INSERT OR IGNORE INTO orders VALUES ('ORD_007_030', 'SHOP_007_DY', 'P036', date('now', '-6 days'), 1, 78.0);
INSERT OR IGNORE INTO orders VALUES ('ORD_007_031', 'SHOP_007_DY', 'P043', date('now', '-7 days'), 3, 75.0);
INSERT OR IGNORE INTO orders VALUES ('ORD_007_032', 'SHOP_007_DY', 'P035', date('now', '-7 days'), 1, 45.0);
INSERT OR IGNORE INTO orders VALUES ('ORD_007_033', 'SHOP_007_DY', 'P033', date('now', '-7 days'), 1, 65.0);
INSERT OR IGNORE INTO orders VALUES ('ORD_007_034', 'SHOP_007_DY', 'P038', date('now', '-7 days'), 1, 58.0);
INSERT OR IGNORE INTO orders VALUES ('ORD_007_035', 'SHOP_007_DY', 'P040', date('now', '-7 days'), 1, 35.0);
INSERT OR IGNORE INTO orders VALUES ('ORD_007_036', 'SHOP_007_DY', 'P035', date('now', '-8 days'), 2, 90.0);
INSERT OR IGNORE INTO orders VALUES ('ORD_007_037', 'SHOP_007_DY', 'P045', date('now', '-8 days'), 2, 36.0);
INSERT OR IGNORE INTO orders VALUES ('ORD_007_038', 'SHOP_007_DY', 'P033', date('now', '-8 days'), 1, 65.0);
INSERT OR IGNORE INTO orders VALUES ('ORD_007_039', 'SHOP_007_DY', 'P039', date('now', '-8 days'), 1, 28.0);
INSERT OR IGNORE INTO orders VALUES ('ORD_007_040', 'SHOP_007_DY', 'P043', date('now', '-8 days'), 1, 25.0);
INSERT OR IGNORE INTO orders VALUES ('ORD_007_041', 'SHOP_007_DY', 'P033', date('now', '-9 days'), 1, 65.0);
INSERT OR IGNORE INTO orders VALUES ('ORD_007_042', 'SHOP_007_DY', 'P035', date('now', '-9 days'), 1, 45.0);
INSERT OR IGNORE INTO orders VALUES ('ORD_007_043', 'SHOP_007_DY', 'P038', date('now', '-9 days'), 1, 58.0);
INSERT OR IGNORE INTO orders VALUES ('ORD_007_044', 'SHOP_007_DY', 'P043', date('now', '-9 days'), 2, 50.0);
INSERT OR IGNORE INTO orders VALUES ('ORD_007_045', 'SHOP_007_DY', 'P041', date('now', '-9 days'), 1, 98.0);
INSERT OR IGNORE INTO orders VALUES ('ORD_007_046', 'SHOP_007_DY', 'P035', date('now', '-10 days'), 2, 90.0);
INSERT OR IGNORE INTO orders VALUES ('ORD_007_047', 'SHOP_007_DY', 'P033', date('now', '-10 days'), 1, 65.0);
INSERT OR IGNORE INTO orders VALUES ('ORD_007_048', 'SHOP_007_DY', 'P045', date('now', '-10 days'), 3, 54.0);
INSERT OR IGNORE INTO orders VALUES ('ORD_007_049', 'SHOP_007_DY', 'P039', date('now', '-10 days'), 1, 28.0);
INSERT OR IGNORE INTO orders VALUES ('ORD_007_050', 'SHOP_007_DY', 'P040', date('now', '-10 days'), 1, 35.0);
INSERT OR IGNORE INTO orders VALUES ('ORD_007_051', 'SHOP_007_DY', 'P043', date('now', '-11 days'), 2, 50.0);
INSERT OR IGNORE INTO orders VALUES ('ORD_007_052', 'SHOP_007_DY', 'P035', date('now', '-11 days'), 1, 45.0);
INSERT OR IGNORE INTO orders VALUES ('ORD_007_053', 'SHOP_007_DY', 'P033', date('now', '-11 days'), 1, 65.0);
INSERT OR IGNORE INTO orders VALUES ('ORD_007_054', 'SHOP_007_DY', 'P038', date('now', '-11 days'), 1, 58.0);
INSERT OR IGNORE INTO orders VALUES ('ORD_007_055', 'SHOP_007_DY', 'P031', date('now', '-11 days'), 1, 89.0);
INSERT OR IGNORE INTO orders VALUES ('ORD_007_056', 'SHOP_007_DY', 'P035', date('now', '-12 days'), 2, 90.0);
INSERT OR IGNORE INTO orders VALUES ('ORD_007_057', 'SHOP_007_DY', 'P045', date('now', '-12 days'), 2, 36.0);
INSERT OR IGNORE INTO orders VALUES ('ORD_007_058', 'SHOP_007_DY', 'P033', date('now', '-12 days'), 1, 65.0);
INSERT OR IGNORE INTO orders VALUES ('ORD_007_059', 'SHOP_007_DY', 'P039', date('now', '-12 days'), 1, 28.0);
INSERT OR IGNORE INTO orders VALUES ('ORD_007_060', 'SHOP_007_DY', 'P043', date('now', '-12 days'), 1, 25.0);
INSERT OR IGNORE INTO orders VALUES ('ORD_007_061', 'SHOP_007_DY', 'P033', date('now', '-13 days'), 1, 65.0);
INSERT OR IGNORE INTO orders VALUES ('ORD_007_062', 'SHOP_007_DY', 'P035', date('now', '-13 days'), 1, 45.0);
INSERT OR IGNORE INTO orders VALUES ('ORD_007_063', 'SHOP_007_DY', 'P038', date('now', '-13 days'), 1, 58.0);
INSERT OR IGNORE INTO orders VALUES ('ORD_007_064', 'SHOP_007_DY', 'P043', date('now', '-13 days'), 2, 50.0);
INSERT OR IGNORE INTO orders VALUES ('ORD_007_065', 'SHOP_007_DY', 'P040', date('now', '-13 days'), 1, 35.0);
INSERT OR IGNORE INTO orders VALUES ('ORD_007_066', 'SHOP_007_DY', 'P035', date('now', '-14 days'), 2, 90.0);
INSERT OR IGNORE INTO orders VALUES ('ORD_007_067', 'SHOP_007_DY', 'P033', date('now', '-14 days'), 1, 65.0);
INSERT OR IGNORE INTO orders VALUES ('ORD_007_068', 'SHOP_007_DY', 'P045', date('now', '-14 days'), 3, 54.0);
INSERT OR IGNORE INTO orders VALUES ('ORD_007_069', 'SHOP_007_DY', 'P039', date('now', '-14 days'), 1, 28.0);
INSERT OR IGNORE INTO orders VALUES ('ORD_007_070', 'SHOP_007_DY', 'P036', date('now', '-14 days'), 1, 78.0);

-- 拼多多出单（2单/天，近14天）
INSERT OR IGNORE INTO orders VALUES ('ORD_007_071', 'SHOP_007_PDD', 'P050', date('now', '-1 days'), 2, 76.0);
INSERT OR IGNORE INTO orders VALUES ('ORD_007_072', 'SHOP_007_PDD', 'P047', date('now', '-1 days'), 1, 45.0);
INSERT OR IGNORE INTO orders VALUES ('ORD_007_073', 'SHOP_007_PDD', 'P055', date('now', '-2 days'), 1, 22.0);
INSERT OR IGNORE INTO orders VALUES ('ORD_007_074', 'SHOP_007_PDD', 'P046', date('now', '-2 days'), 1, 85.0);
INSERT OR IGNORE INTO orders VALUES ('ORD_007_075', 'SHOP_007_PDD', 'P048', date('now', '-3 days'), 1, 68.0);
INSERT OR IGNORE INTO orders VALUES ('ORD_007_076', 'SHOP_007_PDD', 'P050', date('now', '-3 days'), 1, 38.0);
INSERT OR IGNORE INTO orders VALUES ('ORD_007_077', 'SHOP_007_PDD', 'P047', date('now', '-4 days'), 1, 45.0);
INSERT OR IGNORE INTO orders VALUES ('ORD_007_078', 'SHOP_007_PDD', 'P055', date('now', '-4 days'), 2, 44.0);
INSERT OR IGNORE INTO orders VALUES ('ORD_007_079', 'SHOP_007_PDD', 'P046', date('now', '-5 days'), 1, 85.0);
INSERT OR IGNORE INTO orders VALUES ('ORD_007_080', 'SHOP_007_PDD', 'P052', date('now', '-5 days'), 1, 52.0);
INSERT OR IGNORE INTO orders VALUES ('ORD_007_081', 'SHOP_007_PDD', 'P050', date('now', '-6 days'), 2, 76.0);
INSERT OR IGNORE INTO orders VALUES ('ORD_007_082', 'SHOP_007_PDD', 'P047', date('now', '-6 days'), 1, 45.0);
INSERT OR IGNORE INTO orders VALUES ('ORD_007_083', 'SHOP_007_PDD', 'P055', date('now', '-7 days'), 1, 22.0);
INSERT OR IGNORE INTO orders VALUES ('ORD_007_084', 'SHOP_007_PDD', 'P046', date('now', '-7 days'), 1, 85.0);
INSERT OR IGNORE INTO orders VALUES ('ORD_007_085', 'SHOP_007_PDD', 'P048', date('now', '-8 days'), 1, 68.0);
INSERT OR IGNORE INTO orders VALUES ('ORD_007_086', 'SHOP_007_PDD', 'P050', date('now', '-8 days'), 1, 38.0);
INSERT OR IGNORE INTO orders VALUES ('ORD_007_087', 'SHOP_007_PDD', 'P047', date('now', '-9 days'), 2, 90.0);
INSERT OR IGNORE INTO orders VALUES ('ORD_007_088', 'SHOP_007_PDD', 'P055', date('now', '-9 days'), 1, 22.0);
INSERT OR IGNORE INTO orders VALUES ('ORD_007_089', 'SHOP_007_PDD', 'P046', date('now', '-10 days'), 1, 85.0);
INSERT OR IGNORE INTO orders VALUES ('ORD_007_090', 'SHOP_007_PDD', 'P052', date('now', '-10 days'), 1, 52.0);
INSERT OR IGNORE INTO orders VALUES ('ORD_007_091', 'SHOP_007_PDD', 'P050', date('now', '-11 days'), 1, 38.0);
INSERT OR IGNORE INTO orders VALUES ('ORD_007_092', 'SHOP_007_PDD', 'P055', date('now', '-11 days'), 2, 44.0);
INSERT OR IGNORE INTO orders VALUES ('ORD_007_093', 'SHOP_007_PDD', 'P047', date('now', '-12 days'), 1, 45.0);
INSERT OR IGNORE INTO orders VALUES ('ORD_007_094', 'SHOP_007_PDD', 'P046', date('now', '-12 days'), 1, 85.0);
INSERT OR IGNORE INTO orders VALUES ('ORD_007_095', 'SHOP_007_PDD', 'P048', date('now', '-13 days'), 1, 68.0);
INSERT OR IGNORE INTO orders VALUES ('ORD_007_096', 'SHOP_007_PDD', 'P050', date('now', '-13 days'), 1, 38.0);
INSERT OR IGNORE INTO orders VALUES ('ORD_007_097', 'SHOP_007_PDD', 'P055', date('now', '-14 days'), 1, 22.0);
INSERT OR IGNORE INTO orders VALUES ('ORD_007_098', 'SHOP_007_PDD', 'P047', date('now', '-14 days'), 1, 45.0);
