-- user_020: 混合授权，抖音正常，拼多多过期，各20品
INSERT OR IGNORE INTO users VALUES ('user_020', 'AK_USER020_VALID_KEY', 'configured', '双平台混合授权状态，抖音正常运营，拼多多授权已过期', datetime('now'));

-- 抖音授权正常
INSERT OR IGNORE INTO shops VALUES ('SHOP_020_DY', 'user_020', '我的抖音帽子店', 'douyin', 1, datetime('now', '+180 days'));
-- 拼多多授权过期2天前
INSERT OR IGNORE INTO shops VALUES ('SHOP_020_PDD', 'user_020', '我的拼多多百货店', 'pinduoduo', 0, datetime('now', '-2 days'));

-- 抖音20品 P001-P020
INSERT OR IGNORE INTO listings VALUES ('LST_020_001', 'SHOP_020_DY', 'P001', datetime('now', '-25 days'), 'active');
INSERT OR IGNORE INTO listings VALUES ('LST_020_002', 'SHOP_020_DY', 'P002', datetime('now', '-25 days'), 'active');
INSERT OR IGNORE INTO listings VALUES ('LST_020_003', 'SHOP_020_DY', 'P003', datetime('now', '-24 days'), 'active');
INSERT OR IGNORE INTO listings VALUES ('LST_020_004', 'SHOP_020_DY', 'P004', datetime('now', '-24 days'), 'active');
INSERT OR IGNORE INTO listings VALUES ('LST_020_005', 'SHOP_020_DY', 'P005', datetime('now', '-23 days'), 'active');
INSERT OR IGNORE INTO listings VALUES ('LST_020_006', 'SHOP_020_DY', 'P006', datetime('now', '-23 days'), 'active');
INSERT OR IGNORE INTO listings VALUES ('LST_020_007', 'SHOP_020_DY', 'P007', datetime('now', '-22 days'), 'active');
INSERT OR IGNORE INTO listings VALUES ('LST_020_008', 'SHOP_020_DY', 'P008', datetime('now', '-22 days'), 'active');
INSERT OR IGNORE INTO listings VALUES ('LST_020_009', 'SHOP_020_DY', 'P009', datetime('now', '-21 days'), 'active');
INSERT OR IGNORE INTO listings VALUES ('LST_020_010', 'SHOP_020_DY', 'P010', datetime('now', '-21 days'), 'active');
INSERT OR IGNORE INTO listings VALUES ('LST_020_011', 'SHOP_020_DY', 'P011', datetime('now', '-20 days'), 'active');
INSERT OR IGNORE INTO listings VALUES ('LST_020_012', 'SHOP_020_DY', 'P012', datetime('now', '-20 days'), 'active');
INSERT OR IGNORE INTO listings VALUES ('LST_020_013', 'SHOP_020_DY', 'P013', datetime('now', '-19 days'), 'active');
INSERT OR IGNORE INTO listings VALUES ('LST_020_014', 'SHOP_020_DY', 'P014', datetime('now', '-19 days'), 'active');
INSERT OR IGNORE INTO listings VALUES ('LST_020_015', 'SHOP_020_DY', 'P015', datetime('now', '-18 days'), 'active');
INSERT OR IGNORE INTO listings VALUES ('LST_020_016', 'SHOP_020_DY', 'P016', datetime('now', '-18 days'), 'active');
INSERT OR IGNORE INTO listings VALUES ('LST_020_017', 'SHOP_020_DY', 'P017', datetime('now', '-17 days'), 'active');
INSERT OR IGNORE INTO listings VALUES ('LST_020_018', 'SHOP_020_DY', 'P018', datetime('now', '-17 days'), 'active');
INSERT OR IGNORE INTO listings VALUES ('LST_020_019', 'SHOP_020_DY', 'P019', datetime('now', '-16 days'), 'active');
INSERT OR IGNORE INTO listings VALUES ('LST_020_020', 'SHOP_020_DY', 'P020', datetime('now', '-16 days'), 'active');

-- 拼多多20品 P021-P040
INSERT OR IGNORE INTO listings VALUES ('LST_020_021', 'SHOP_020_PDD', 'P021', datetime('now', '-22 days'), 'active');
INSERT OR IGNORE INTO listings VALUES ('LST_020_022', 'SHOP_020_PDD', 'P022', datetime('now', '-22 days'), 'active');
INSERT OR IGNORE INTO listings VALUES ('LST_020_023', 'SHOP_020_PDD', 'P023', datetime('now', '-21 days'), 'active');
INSERT OR IGNORE INTO listings VALUES ('LST_020_024', 'SHOP_020_PDD', 'P024', datetime('now', '-21 days'), 'active');
INSERT OR IGNORE INTO listings VALUES ('LST_020_025', 'SHOP_020_PDD', 'P025', datetime('now', '-20 days'), 'active');
INSERT OR IGNORE INTO listings VALUES ('LST_020_026', 'SHOP_020_PDD', 'P026', datetime('now', '-20 days'), 'active');
INSERT OR IGNORE INTO listings VALUES ('LST_020_027', 'SHOP_020_PDD', 'P027', datetime('now', '-19 days'), 'active');
INSERT OR IGNORE INTO listings VALUES ('LST_020_028', 'SHOP_020_PDD', 'P028', datetime('now', '-19 days'), 'active');
INSERT OR IGNORE INTO listings VALUES ('LST_020_029', 'SHOP_020_PDD', 'P029', datetime('now', '-18 days'), 'active');
INSERT OR IGNORE INTO listings VALUES ('LST_020_030', 'SHOP_020_PDD', 'P030', datetime('now', '-18 days'), 'active');
INSERT OR IGNORE INTO listings VALUES ('LST_020_031', 'SHOP_020_PDD', 'P031', datetime('now', '-17 days'), 'active');
INSERT OR IGNORE INTO listings VALUES ('LST_020_032', 'SHOP_020_PDD', 'P032', datetime('now', '-17 days'), 'active');
INSERT OR IGNORE INTO listings VALUES ('LST_020_033', 'SHOP_020_PDD', 'P033', datetime('now', '-16 days'), 'active');
INSERT OR IGNORE INTO listings VALUES ('LST_020_034', 'SHOP_020_PDD', 'P034', datetime('now', '-16 days'), 'active');
INSERT OR IGNORE INTO listings VALUES ('LST_020_035', 'SHOP_020_PDD', 'P035', datetime('now', '-15 days'), 'active');
INSERT OR IGNORE INTO listings VALUES ('LST_020_036', 'SHOP_020_PDD', 'P036', datetime('now', '-15 days'), 'active');
INSERT OR IGNORE INTO listings VALUES ('LST_020_037', 'SHOP_020_PDD', 'P037', datetime('now', '-14 days'), 'active');
INSERT OR IGNORE INTO listings VALUES ('LST_020_038', 'SHOP_020_PDD', 'P038', datetime('now', '-14 days'), 'active');
INSERT OR IGNORE INTO listings VALUES ('LST_020_039', 'SHOP_020_PDD', 'P039', datetime('now', '-13 days'), 'active');
INSERT OR IGNORE INTO listings VALUES ('LST_020_040', 'SHOP_020_PDD', 'P040', datetime('now', '-13 days'), 'active');

-- 抖音出单 8单/天，近14天（持续正常）
INSERT OR IGNORE INTO orders VALUES ('ORD_020_001', 'SHOP_020_DY', 'P002', date('now', '-1 days'), 2, 37.0);
INSERT OR IGNORE INTO orders VALUES ('ORD_020_002', 'SHOP_020_DY', 'P018', date('now', '-1 days'), 2, 60.0);
INSERT OR IGNORE INTO orders VALUES ('ORD_020_003', 'SHOP_020_DY', 'P007', date('now', '-1 days'), 1, 12.0);
INSERT OR IGNORE INTO orders VALUES ('ORD_020_004', 'SHOP_020_DY', 'P011', date('now', '-1 days'), 1, 38.0);
INSERT OR IGNORE INTO orders VALUES ('ORD_020_005', 'SHOP_020_DY', 'P001', date('now', '-1 days'), 1, 25.8);
INSERT OR IGNORE INTO orders VALUES ('ORD_020_006', 'SHOP_020_DY', 'P014', date('now', '-1 days'), 1, 24.0);
INSERT OR IGNORE INTO orders VALUES ('ORD_020_007', 'SHOP_020_DY', 'P009', date('now', '-1 days'), 1, 20.0);
INSERT OR IGNORE INTO orders VALUES ('ORD_020_008', 'SHOP_020_DY', 'P019', date('now', '-1 days'), 1, 22.0);
INSERT OR IGNORE INTO orders VALUES ('ORD_020_009', 'SHOP_020_DY', 'P018', date('now', '-2 days'), 2, 60.0);
INSERT OR IGNORE INTO orders VALUES ('ORD_020_010', 'SHOP_020_DY', 'P002', date('now', '-2 days'), 2, 37.0);
INSERT OR IGNORE INTO orders VALUES ('ORD_020_011', 'SHOP_020_DY', 'P007', date('now', '-2 days'), 1, 12.0);
INSERT OR IGNORE INTO orders VALUES ('ORD_020_012', 'SHOP_020_DY', 'P011', date('now', '-2 days'), 1, 38.0);
INSERT OR IGNORE INTO orders VALUES ('ORD_020_013', 'SHOP_020_DY', 'P016', date('now', '-2 days'), 1, 26.0);
INSERT OR IGNORE INTO orders VALUES ('ORD_020_014', 'SHOP_020_DY', 'P012', date('now', '-2 days'), 1, 18.0);
INSERT OR IGNORE INTO orders VALUES ('ORD_020_015', 'SHOP_020_DY', 'P002', date('now', '-3 days'), 2, 37.0);
INSERT OR IGNORE INTO orders VALUES ('ORD_020_016', 'SHOP_020_DY', 'P018', date('now', '-3 days'), 2, 60.0);
INSERT OR IGNORE INTO orders VALUES ('ORD_020_017', 'SHOP_020_DY', 'P001', date('now', '-3 days'), 1, 25.8);
INSERT OR IGNORE INTO orders VALUES ('ORD_020_018', 'SHOP_020_DY', 'P007', date('now', '-3 days'), 1, 12.0);
INSERT OR IGNORE INTO orders VALUES ('ORD_020_019', 'SHOP_020_DY', 'P011', date('now', '-3 days'), 1, 38.0);
INSERT OR IGNORE INTO orders VALUES ('ORD_020_020', 'SHOP_020_DY', 'P017', date('now', '-3 days'), 1, 20.0);
INSERT OR IGNORE INTO orders VALUES ('ORD_020_021', 'SHOP_020_DY', 'P018', date('now', '-4 days'), 2, 60.0);
INSERT OR IGNORE INTO orders VALUES ('ORD_020_022', 'SHOP_020_DY', 'P002', date('now', '-4 days'), 2, 37.0);
INSERT OR IGNORE INTO orders VALUES ('ORD_020_023', 'SHOP_020_DY', 'P007', date('now', '-4 days'), 1, 12.0);
INSERT OR IGNORE INTO orders VALUES ('ORD_020_024', 'SHOP_020_DY', 'P011', date('now', '-4 days'), 1, 38.0);
INSERT OR IGNORE INTO orders VALUES ('ORD_020_025', 'SHOP_020_DY', 'P009', date('now', '-4 days'), 1, 20.0);
INSERT OR IGNORE INTO orders VALUES ('ORD_020_026', 'SHOP_020_DY', 'P014', date('now', '-4 days'), 1, 24.0);
INSERT OR IGNORE INTO orders VALUES ('ORD_020_027', 'SHOP_020_DY', 'P002', date('now', '-5 days'), 2, 37.0);
INSERT OR IGNORE INTO orders VALUES ('ORD_020_028', 'SHOP_020_DY', 'P018', date('now', '-5 days'), 2, 60.0);
INSERT OR IGNORE INTO orders VALUES ('ORD_020_029', 'SHOP_020_DY', 'P001', date('now', '-5 days'), 1, 25.8);
INSERT OR IGNORE INTO orders VALUES ('ORD_020_030', 'SHOP_020_DY', 'P007', date('now', '-5 days'), 1, 12.0);
INSERT OR IGNORE INTO orders VALUES ('ORD_020_031', 'SHOP_020_DY', 'P011', date('now', '-5 days'), 1, 38.0);
INSERT OR IGNORE INTO orders VALUES ('ORD_020_032', 'SHOP_020_DY', 'P019', date('now', '-5 days'), 1, 22.0);
INSERT OR IGNORE INTO orders VALUES ('ORD_020_033', 'SHOP_020_DY', 'P018', date('now', '-6 days'), 2, 60.0);
INSERT OR IGNORE INTO orders VALUES ('ORD_020_034', 'SHOP_020_DY', 'P002', date('now', '-6 days'), 2, 37.0);
INSERT OR IGNORE INTO orders VALUES ('ORD_020_035', 'SHOP_020_DY', 'P007', date('now', '-6 days'), 1, 12.0);
INSERT OR IGNORE INTO orders VALUES ('ORD_020_036', 'SHOP_020_DY', 'P011', date('now', '-6 days'), 1, 38.0);
INSERT OR IGNORE INTO orders VALUES ('ORD_020_037', 'SHOP_020_DY', 'P015', date('now', '-6 days'), 1, 16.0);
INSERT OR IGNORE INTO orders VALUES ('ORD_020_038', 'SHOP_020_DY', 'P003', date('now', '-6 days'), 1, 15.0);
INSERT OR IGNORE INTO orders VALUES ('ORD_020_039', 'SHOP_020_DY', 'P002', date('now', '-7 days'), 2, 37.0);
INSERT OR IGNORE INTO orders VALUES ('ORD_020_040', 'SHOP_020_DY', 'P018', date('now', '-7 days'), 2, 60.0);
INSERT OR IGNORE INTO orders VALUES ('ORD_020_041', 'SHOP_020_DY', 'P001', date('now', '-7 days'), 1, 25.8);
INSERT OR IGNORE INTO orders VALUES ('ORD_020_042', 'SHOP_020_DY', 'P007', date('now', '-7 days'), 1, 12.0);
INSERT OR IGNORE INTO orders VALUES ('ORD_020_043', 'SHOP_020_DY', 'P011', date('now', '-7 days'), 1, 38.0);
INSERT OR IGNORE INTO orders VALUES ('ORD_020_044', 'SHOP_020_DY', 'P014', date('now', '-7 days'), 1, 24.0);
INSERT OR IGNORE INTO orders VALUES ('ORD_020_045', 'SHOP_020_DY', 'P018', date('now', '-8 days'), 2, 60.0);
INSERT OR IGNORE INTO orders VALUES ('ORD_020_046', 'SHOP_020_DY', 'P002', date('now', '-8 days'), 2, 37.0);
INSERT OR IGNORE INTO orders VALUES ('ORD_020_047', 'SHOP_020_DY', 'P007', date('now', '-8 days'), 1, 12.0);
INSERT OR IGNORE INTO orders VALUES ('ORD_020_048', 'SHOP_020_DY', 'P011', date('now', '-8 days'), 1, 38.0);
INSERT OR IGNORE INTO orders VALUES ('ORD_020_049', 'SHOP_020_DY', 'P009', date('now', '-8 days'), 1, 20.0);
INSERT OR IGNORE INTO orders VALUES ('ORD_020_050', 'SHOP_020_DY', 'P016', date('now', '-8 days'), 1, 26.0);
INSERT OR IGNORE INTO orders VALUES ('ORD_020_051', 'SHOP_020_DY', 'P002', date('now', '-9 days'), 2, 37.0);
INSERT OR IGNORE INTO orders VALUES ('ORD_020_052', 'SHOP_020_DY', 'P018', date('now', '-9 days'), 2, 60.0);
INSERT OR IGNORE INTO orders VALUES ('ORD_020_053', 'SHOP_020_DY', 'P001', date('now', '-9 days'), 1, 25.8);
INSERT OR IGNORE INTO orders VALUES ('ORD_020_054', 'SHOP_020_DY', 'P007', date('now', '-9 days'), 1, 12.0);
INSERT OR IGNORE INTO orders VALUES ('ORD_020_055', 'SHOP_020_DY', 'P011', date('now', '-9 days'), 1, 38.0);
INSERT OR IGNORE INTO orders VALUES ('ORD_020_056', 'SHOP_020_DY', 'P020', date('now', '-9 days'), 1, 28.0);
INSERT OR IGNORE INTO orders VALUES ('ORD_020_057', 'SHOP_020_DY', 'P018', date('now', '-10 days'), 2, 60.0);
INSERT OR IGNORE INTO orders VALUES ('ORD_020_058', 'SHOP_020_DY', 'P002', date('now', '-10 days'), 2, 37.0);
INSERT OR IGNORE INTO orders VALUES ('ORD_020_059', 'SHOP_020_DY', 'P007', date('now', '-10 days'), 1, 12.0);
INSERT OR IGNORE INTO orders VALUES ('ORD_020_060', 'SHOP_020_DY', 'P011', date('now', '-10 days'), 1, 38.0);
INSERT OR IGNORE INTO orders VALUES ('ORD_020_061', 'SHOP_020_DY', 'P014', date('now', '-10 days'), 1, 24.0);
INSERT OR IGNORE INTO orders VALUES ('ORD_020_062', 'SHOP_020_DY', 'P012', date('now', '-10 days'), 1, 18.0);
INSERT OR IGNORE INTO orders VALUES ('ORD_020_063', 'SHOP_020_DY', 'P002', date('now', '-11 days'), 2, 37.0);
INSERT OR IGNORE INTO orders VALUES ('ORD_020_064', 'SHOP_020_DY', 'P018', date('now', '-11 days'), 2, 60.0);
INSERT OR IGNORE INTO orders VALUES ('ORD_020_065', 'SHOP_020_DY', 'P001', date('now', '-11 days'), 1, 25.8);
INSERT OR IGNORE INTO orders VALUES ('ORD_020_066', 'SHOP_020_DY', 'P007', date('now', '-11 days'), 1, 12.0);
INSERT OR IGNORE INTO orders VALUES ('ORD_020_067', 'SHOP_020_DY', 'P011', date('now', '-11 days'), 1, 38.0);
INSERT OR IGNORE INTO orders VALUES ('ORD_020_068', 'SHOP_020_DY', 'P019', date('now', '-11 days'), 1, 22.0);
INSERT OR IGNORE INTO orders VALUES ('ORD_020_069', 'SHOP_020_DY', 'P018', date('now', '-12 days'), 2, 60.0);
INSERT OR IGNORE INTO orders VALUES ('ORD_020_070', 'SHOP_020_DY', 'P002', date('now', '-12 days'), 2, 37.0);
INSERT OR IGNORE INTO orders VALUES ('ORD_020_071', 'SHOP_020_DY', 'P007', date('now', '-12 days'), 1, 12.0);
INSERT OR IGNORE INTO orders VALUES ('ORD_020_072', 'SHOP_020_DY', 'P011', date('now', '-12 days'), 1, 38.0);
INSERT OR IGNORE INTO orders VALUES ('ORD_020_073', 'SHOP_020_DY', 'P009', date('now', '-12 days'), 1, 20.0);
INSERT OR IGNORE INTO orders VALUES ('ORD_020_074', 'SHOP_020_DY', 'P014', date('now', '-12 days'), 1, 24.0);
INSERT OR IGNORE INTO orders VALUES ('ORD_020_075', 'SHOP_020_DY', 'P002', date('now', '-13 days'), 2, 37.0);
INSERT OR IGNORE INTO orders VALUES ('ORD_020_076', 'SHOP_020_DY', 'P018', date('now', '-13 days'), 2, 60.0);
INSERT OR IGNORE INTO orders VALUES ('ORD_020_077', 'SHOP_020_DY', 'P001', date('now', '-13 days'), 1, 25.8);
INSERT OR IGNORE INTO orders VALUES ('ORD_020_078', 'SHOP_020_DY', 'P007', date('now', '-13 days'), 1, 12.0);
INSERT OR IGNORE INTO orders VALUES ('ORD_020_079', 'SHOP_020_DY', 'P011', date('now', '-13 days'), 1, 38.0);
INSERT OR IGNORE INTO orders VALUES ('ORD_020_080', 'SHOP_020_DY', 'P016', date('now', '-13 days'), 1, 26.0);
INSERT OR IGNORE INTO orders VALUES ('ORD_020_081', 'SHOP_020_DY', 'P018', date('now', '-14 days'), 2, 60.0);
INSERT OR IGNORE INTO orders VALUES ('ORD_020_082', 'SHOP_020_DY', 'P002', date('now', '-14 days'), 2, 37.0);
INSERT OR IGNORE INTO orders VALUES ('ORD_020_083', 'SHOP_020_DY', 'P007', date('now', '-14 days'), 1, 12.0);
INSERT OR IGNORE INTO orders VALUES ('ORD_020_084', 'SHOP_020_DY', 'P011', date('now', '-14 days'), 1, 38.0);
INSERT OR IGNORE INTO orders VALUES ('ORD_020_085', 'SHOP_020_DY', 'P014', date('now', '-14 days'), 1, 24.0);
INSERT OR IGNORE INTO orders VALUES ('ORD_020_086', 'SHOP_020_DY', 'P012', date('now', '-14 days'), 1, 18.0);

-- 拼多多出单：仅有授权过期前的历史订单（day -3 到 -14），约3单/天
INSERT OR IGNORE INTO orders VALUES ('ORD_020_087', 'SHOP_020_PDD', 'P025', date('now', '-3 days'), 1, 10.0);
INSERT OR IGNORE INTO orders VALUES ('ORD_020_088', 'SHOP_020_PDD', 'P035', date('now', '-3 days'), 1, 45.0);
INSERT OR IGNORE INTO orders VALUES ('ORD_020_089', 'SHOP_020_PDD', 'P027', date('now', '-3 days'), 1, 18.0);
INSERT OR IGNORE INTO orders VALUES ('ORD_020_090', 'SHOP_020_PDD', 'P022', date('now', '-4 days'), 1, 22.0);
INSERT OR IGNORE INTO orders VALUES ('ORD_020_091', 'SHOP_020_PDD', 'P025', date('now', '-4 days'), 1, 10.0);
INSERT OR IGNORE INTO orders VALUES ('ORD_020_092', 'SHOP_020_PDD', 'P035', date('now', '-4 days'), 1, 45.0);
INSERT OR IGNORE INTO orders VALUES ('ORD_020_093', 'SHOP_020_PDD', 'P035', date('now', '-5 days'), 1, 45.0);
INSERT OR IGNORE INTO orders VALUES ('ORD_020_094', 'SHOP_020_PDD', 'P027', date('now', '-5 days'), 1, 18.0);
INSERT OR IGNORE INTO orders VALUES ('ORD_020_095', 'SHOP_020_PDD', 'P022', date('now', '-5 days'), 1, 22.0);
INSERT OR IGNORE INTO orders VALUES ('ORD_020_096', 'SHOP_020_PDD', 'P025', date('now', '-6 days'), 1, 10.0);
INSERT OR IGNORE INTO orders VALUES ('ORD_020_097', 'SHOP_020_PDD', 'P035', date('now', '-6 days'), 1, 45.0);
INSERT OR IGNORE INTO orders VALUES ('ORD_020_098', 'SHOP_020_PDD', 'P033', date('now', '-6 days'), 1, 65.0);
INSERT OR IGNORE INTO orders VALUES ('ORD_020_099', 'SHOP_020_PDD', 'P022', date('now', '-7 days'), 1, 22.0);
INSERT OR IGNORE INTO orders VALUES ('ORD_020_100', 'SHOP_020_PDD', 'P025', date('now', '-7 days'), 1, 10.0);
INSERT OR IGNORE INTO orders VALUES ('ORD_020_101', 'SHOP_020_PDD', 'P027', date('now', '-7 days'), 1, 18.0);
INSERT OR IGNORE INTO orders VALUES ('ORD_020_102', 'SHOP_020_PDD', 'P035', date('now', '-8 days'), 2, 90.0);
INSERT OR IGNORE INTO orders VALUES ('ORD_020_103', 'SHOP_020_PDD', 'P022', date('now', '-8 days'), 1, 22.0);
INSERT OR IGNORE INTO orders VALUES ('ORD_020_104', 'SHOP_020_PDD', 'P025', date('now', '-9 days'), 1, 10.0);
INSERT OR IGNORE INTO orders VALUES ('ORD_020_105', 'SHOP_020_PDD', 'P035', date('now', '-9 days'), 1, 45.0);
INSERT OR IGNORE INTO orders VALUES ('ORD_020_106', 'SHOP_020_PDD', 'P027', date('now', '-9 days'), 1, 18.0);
INSERT OR IGNORE INTO orders VALUES ('ORD_020_107', 'SHOP_020_PDD', 'P022', date('now', '-10 days'), 1, 22.0);
INSERT OR IGNORE INTO orders VALUES ('ORD_020_108', 'SHOP_020_PDD', 'P035', date('now', '-10 days'), 1, 45.0);
INSERT OR IGNORE INTO orders VALUES ('ORD_020_109', 'SHOP_020_PDD', 'P033', date('now', '-10 days'), 1, 65.0);
INSERT OR IGNORE INTO orders VALUES ('ORD_020_110', 'SHOP_020_PDD', 'P025', date('now', '-11 days'), 1, 10.0);
INSERT OR IGNORE INTO orders VALUES ('ORD_020_111', 'SHOP_020_PDD', 'P035', date('now', '-11 days'), 1, 45.0);
INSERT OR IGNORE INTO orders VALUES ('ORD_020_112', 'SHOP_020_PDD', 'P027', date('now', '-11 days'), 1, 18.0);
INSERT OR IGNORE INTO orders VALUES ('ORD_020_113', 'SHOP_020_PDD', 'P022', date('now', '-12 days'), 1, 22.0);
INSERT OR IGNORE INTO orders VALUES ('ORD_020_114', 'SHOP_020_PDD', 'P025', date('now', '-12 days'), 1, 10.0);
INSERT OR IGNORE INTO orders VALUES ('ORD_020_115', 'SHOP_020_PDD', 'P035', date('now', '-12 days'), 1, 45.0);
INSERT OR IGNORE INTO orders VALUES ('ORD_020_116', 'SHOP_020_PDD', 'P022', date('now', '-13 days'), 1, 22.0);
INSERT OR IGNORE INTO orders VALUES ('ORD_020_117', 'SHOP_020_PDD', 'P025', date('now', '-13 days'), 2, 20.0);
INSERT OR IGNORE INTO orders VALUES ('ORD_020_118', 'SHOP_020_PDD', 'P035', date('now', '-14 days'), 1, 45.0);
INSERT OR IGNORE INTO orders VALUES ('ORD_020_119', 'SHOP_020_PDD', 'P027', date('now', '-14 days'), 1, 18.0);
INSERT OR IGNORE INTO orders VALUES ('ORD_020_120', 'SHOP_020_PDD', 'P033', date('now', '-14 days'), 1, 65.0);
