-- user_010: 3平台快速扩张，抖音+拼多多+淘宝，各25品，合计15单/天
INSERT OR IGNORE INTO users VALUES ('user_010', 'AK_USER010_VALID_KEY', 'configured', '三平台快速扩张期，抖音帽子+拼多多混合+淘宝大码女装', datetime('now'));

INSERT OR IGNORE INTO shops VALUES ('SHOP_010_DY', 'user_010', '我的抖音综合店', 'douyin', 1, datetime('now', '+180 days'));
INSERT OR IGNORE INTO shops VALUES ('SHOP_010_PDD', 'user_010', '我的拼多多综合店', 'pinduoduo', 1, datetime('now', '+180 days'));
INSERT OR IGNORE INTO shops VALUES ('SHOP_010_TB', 'user_010', '我的淘宝综合店', 'taobao', 1, datetime('now', '+180 days'));

-- 抖音25品 P001-P025
INSERT OR IGNORE INTO listings VALUES ('LST_010_001', 'SHOP_010_DY', 'P001', datetime('now', '-20 days'), 'active');
INSERT OR IGNORE INTO listings VALUES ('LST_010_002', 'SHOP_010_DY', 'P002', datetime('now', '-20 days'), 'active');
INSERT OR IGNORE INTO listings VALUES ('LST_010_003', 'SHOP_010_DY', 'P003', datetime('now', '-19 days'), 'active');
INSERT OR IGNORE INTO listings VALUES ('LST_010_004', 'SHOP_010_DY', 'P004', datetime('now', '-19 days'), 'active');
INSERT OR IGNORE INTO listings VALUES ('LST_010_005', 'SHOP_010_DY', 'P005', datetime('now', '-18 days'), 'active');
INSERT OR IGNORE INTO listings VALUES ('LST_010_006', 'SHOP_010_DY', 'P006', datetime('now', '-18 days'), 'active');
INSERT OR IGNORE INTO listings VALUES ('LST_010_007', 'SHOP_010_DY', 'P007', datetime('now', '-17 days'), 'active');
INSERT OR IGNORE INTO listings VALUES ('LST_010_008', 'SHOP_010_DY', 'P008', datetime('now', '-17 days'), 'active');
INSERT OR IGNORE INTO listings VALUES ('LST_010_009', 'SHOP_010_DY', 'P009', datetime('now', '-16 days'), 'active');
INSERT OR IGNORE INTO listings VALUES ('LST_010_010', 'SHOP_010_DY', 'P010', datetime('now', '-16 days'), 'active');
INSERT OR IGNORE INTO listings VALUES ('LST_010_011', 'SHOP_010_DY', 'P011', datetime('now', '-15 days'), 'active');
INSERT OR IGNORE INTO listings VALUES ('LST_010_012', 'SHOP_010_DY', 'P012', datetime('now', '-15 days'), 'active');
INSERT OR IGNORE INTO listings VALUES ('LST_010_013', 'SHOP_010_DY', 'P013', datetime('now', '-14 days'), 'active');
INSERT OR IGNORE INTO listings VALUES ('LST_010_014', 'SHOP_010_DY', 'P014', datetime('now', '-14 days'), 'active');
INSERT OR IGNORE INTO listings VALUES ('LST_010_015', 'SHOP_010_DY', 'P015', datetime('now', '-13 days'), 'active');
INSERT OR IGNORE INTO listings VALUES ('LST_010_016', 'SHOP_010_DY', 'P016', datetime('now', '-13 days'), 'active');
INSERT OR IGNORE INTO listings VALUES ('LST_010_017', 'SHOP_010_DY', 'P017', datetime('now', '-12 days'), 'active');
INSERT OR IGNORE INTO listings VALUES ('LST_010_018', 'SHOP_010_DY', 'P018', datetime('now', '-12 days'), 'active');
INSERT OR IGNORE INTO listings VALUES ('LST_010_019', 'SHOP_010_DY', 'P019', datetime('now', '-11 days'), 'active');
INSERT OR IGNORE INTO listings VALUES ('LST_010_020', 'SHOP_010_DY', 'P020', datetime('now', '-11 days'), 'active');
INSERT OR IGNORE INTO listings VALUES ('LST_010_021', 'SHOP_010_DY', 'P021', datetime('now', '-10 days'), 'active');
INSERT OR IGNORE INTO listings VALUES ('LST_010_022', 'SHOP_010_DY', 'P022', datetime('now', '-10 days'), 'active');
INSERT OR IGNORE INTO listings VALUES ('LST_010_023', 'SHOP_010_DY', 'P023', datetime('now', '-9 days'), 'active');
INSERT OR IGNORE INTO listings VALUES ('LST_010_024', 'SHOP_010_DY', 'P024', datetime('now', '-9 days'), 'active');
INSERT OR IGNORE INTO listings VALUES ('LST_010_025', 'SHOP_010_DY', 'P025', datetime('now', '-8 days'), 'active');

-- 拼多多25品 P026-P050
INSERT OR IGNORE INTO listings VALUES ('LST_010_026', 'SHOP_010_PDD', 'P026', datetime('now', '-18 days'), 'active');
INSERT OR IGNORE INTO listings VALUES ('LST_010_027', 'SHOP_010_PDD', 'P027', datetime('now', '-18 days'), 'active');
INSERT OR IGNORE INTO listings VALUES ('LST_010_028', 'SHOP_010_PDD', 'P028', datetime('now', '-17 days'), 'active');
INSERT OR IGNORE INTO listings VALUES ('LST_010_029', 'SHOP_010_PDD', 'P029', datetime('now', '-17 days'), 'active');
INSERT OR IGNORE INTO listings VALUES ('LST_010_030', 'SHOP_010_PDD', 'P030', datetime('now', '-16 days'), 'active');
INSERT OR IGNORE INTO listings VALUES ('LST_010_031', 'SHOP_010_PDD', 'P031', datetime('now', '-16 days'), 'active');
INSERT OR IGNORE INTO listings VALUES ('LST_010_032', 'SHOP_010_PDD', 'P032', datetime('now', '-15 days'), 'active');
INSERT OR IGNORE INTO listings VALUES ('LST_010_033', 'SHOP_010_PDD', 'P033', datetime('now', '-15 days'), 'active');
INSERT OR IGNORE INTO listings VALUES ('LST_010_034', 'SHOP_010_PDD', 'P034', datetime('now', '-14 days'), 'active');
INSERT OR IGNORE INTO listings VALUES ('LST_010_035', 'SHOP_010_PDD', 'P035', datetime('now', '-14 days'), 'active');
INSERT OR IGNORE INTO listings VALUES ('LST_010_036', 'SHOP_010_PDD', 'P036', datetime('now', '-13 days'), 'active');
INSERT OR IGNORE INTO listings VALUES ('LST_010_037', 'SHOP_010_PDD', 'P037', datetime('now', '-13 days'), 'active');
INSERT OR IGNORE INTO listings VALUES ('LST_010_038', 'SHOP_010_PDD', 'P038', datetime('now', '-12 days'), 'active');
INSERT OR IGNORE INTO listings VALUES ('LST_010_039', 'SHOP_010_PDD', 'P039', datetime('now', '-12 days'), 'active');
INSERT OR IGNORE INTO listings VALUES ('LST_010_040', 'SHOP_010_PDD', 'P040', datetime('now', '-11 days'), 'active');
INSERT OR IGNORE INTO listings VALUES ('LST_010_041', 'SHOP_010_PDD', 'P041', datetime('now', '-11 days'), 'active');
INSERT OR IGNORE INTO listings VALUES ('LST_010_042', 'SHOP_010_PDD', 'P042', datetime('now', '-10 days'), 'active');
INSERT OR IGNORE INTO listings VALUES ('LST_010_043', 'SHOP_010_PDD', 'P043', datetime('now', '-10 days'), 'active');
INSERT OR IGNORE INTO listings VALUES ('LST_010_044', 'SHOP_010_PDD', 'P044', datetime('now', '-9 days'), 'active');
INSERT OR IGNORE INTO listings VALUES ('LST_010_045', 'SHOP_010_PDD', 'P045', datetime('now', '-9 days'), 'active');
INSERT OR IGNORE INTO listings VALUES ('LST_010_046', 'SHOP_010_PDD', 'P046', datetime('now', '-8 days'), 'active');
INSERT OR IGNORE INTO listings VALUES ('LST_010_047', 'SHOP_010_PDD', 'P047', datetime('now', '-8 days'), 'active');
INSERT OR IGNORE INTO listings VALUES ('LST_010_048', 'SHOP_010_PDD', 'P048', datetime('now', '-7 days'), 'active');
INSERT OR IGNORE INTO listings VALUES ('LST_010_049', 'SHOP_010_PDD', 'P049', datetime('now', '-7 days'), 'active');
INSERT OR IGNORE INTO listings VALUES ('LST_010_050', 'SHOP_010_PDD', 'P050', datetime('now', '-6 days'), 'active');

-- 淘宝25品 P051-P075
INSERT OR IGNORE INTO listings VALUES ('LST_010_051', 'SHOP_010_TB', 'P051', datetime('now', '-16 days'), 'active');
INSERT OR IGNORE INTO listings VALUES ('LST_010_052', 'SHOP_010_TB', 'P052', datetime('now', '-16 days'), 'active');
INSERT OR IGNORE INTO listings VALUES ('LST_010_053', 'SHOP_010_TB', 'P053', datetime('now', '-15 days'), 'active');
INSERT OR IGNORE INTO listings VALUES ('LST_010_054', 'SHOP_010_TB', 'P054', datetime('now', '-15 days'), 'active');
INSERT OR IGNORE INTO listings VALUES ('LST_010_055', 'SHOP_010_TB', 'P055', datetime('now', '-14 days'), 'active');
INSERT OR IGNORE INTO listings VALUES ('LST_010_056', 'SHOP_010_TB', 'P056', datetime('now', '-14 days'), 'active');
INSERT OR IGNORE INTO listings VALUES ('LST_010_057', 'SHOP_010_TB', 'P057', datetime('now', '-13 days'), 'active');
INSERT OR IGNORE INTO listings VALUES ('LST_010_058', 'SHOP_010_TB', 'P058', datetime('now', '-13 days'), 'active');
INSERT OR IGNORE INTO listings VALUES ('LST_010_059', 'SHOP_010_TB', 'P059', datetime('now', '-12 days'), 'active');
INSERT OR IGNORE INTO listings VALUES ('LST_010_060', 'SHOP_010_TB', 'P060', datetime('now', '-12 days'), 'active');
INSERT OR IGNORE INTO listings VALUES ('LST_010_061', 'SHOP_010_TB', 'P061', datetime('now', '-11 days'), 'active');
INSERT OR IGNORE INTO listings VALUES ('LST_010_062', 'SHOP_010_TB', 'P062', datetime('now', '-11 days'), 'active');
INSERT OR IGNORE INTO listings VALUES ('LST_010_063', 'SHOP_010_TB', 'P063', datetime('now', '-10 days'), 'active');
INSERT OR IGNORE INTO listings VALUES ('LST_010_064', 'SHOP_010_TB', 'P064', datetime('now', '-10 days'), 'active');
INSERT OR IGNORE INTO listings VALUES ('LST_010_065', 'SHOP_010_TB', 'P065', datetime('now', '-9 days'), 'active');
INSERT OR IGNORE INTO listings VALUES ('LST_010_066', 'SHOP_010_TB', 'P066', datetime('now', '-9 days'), 'active');
INSERT OR IGNORE INTO listings VALUES ('LST_010_067', 'SHOP_010_TB', 'P067', datetime('now', '-8 days'), 'active');
INSERT OR IGNORE INTO listings VALUES ('LST_010_068', 'SHOP_010_TB', 'P068', datetime('now', '-8 days'), 'active');
INSERT OR IGNORE INTO listings VALUES ('LST_010_069', 'SHOP_010_TB', 'P069', datetime('now', '-7 days'), 'active');
INSERT OR IGNORE INTO listings VALUES ('LST_010_070', 'SHOP_010_TB', 'P070', datetime('now', '-7 days'), 'active');
INSERT OR IGNORE INTO listings VALUES ('LST_010_071', 'SHOP_010_TB', 'P071', datetime('now', '-6 days'), 'active');
INSERT OR IGNORE INTO listings VALUES ('LST_010_072', 'SHOP_010_TB', 'P072', datetime('now', '-6 days'), 'active');
INSERT OR IGNORE INTO listings VALUES ('LST_010_073', 'SHOP_010_TB', 'P073', datetime('now', '-5 days'), 'active');
INSERT OR IGNORE INTO listings VALUES ('LST_010_074', 'SHOP_010_TB', 'P074', datetime('now', '-5 days'), 'active');
INSERT OR IGNORE INTO listings VALUES ('LST_010_075', 'SHOP_010_TB', 'P075', datetime('now', '-4 days'), 'active');

-- 抖音出单 7单/天，近14天
INSERT OR IGNORE INTO orders VALUES ('ORD_010_001', 'SHOP_010_DY', 'P002', date('now', '-1 days'), 2, 37.0);
INSERT OR IGNORE INTO orders VALUES ('ORD_010_002', 'SHOP_010_DY', 'P018', date('now', '-1 days'), 2, 60.0);
INSERT OR IGNORE INTO orders VALUES ('ORD_010_003', 'SHOP_010_DY', 'P022', date('now', '-1 days'), 1, 22.0);
INSERT OR IGNORE INTO orders VALUES ('ORD_010_004', 'SHOP_010_DY', 'P025', date('now', '-1 days'), 1, 10.0);
INSERT OR IGNORE INTO orders VALUES ('ORD_010_005', 'SHOP_010_DY', 'P007', date('now', '-1 days'), 1, 12.0);
INSERT OR IGNORE INTO orders VALUES ('ORD_010_006', 'SHOP_010_DY', 'P011', date('now', '-1 days'), 1, 38.0);
INSERT OR IGNORE INTO orders VALUES ('ORD_010_007', 'SHOP_010_DY', 'P001', date('now', '-1 days'), 1, 25.8);
INSERT OR IGNORE INTO orders VALUES ('ORD_010_008', 'SHOP_010_DY', 'P018', date('now', '-2 days'), 2, 60.0);
INSERT OR IGNORE INTO orders VALUES ('ORD_010_009', 'SHOP_010_DY', 'P002', date('now', '-2 days'), 2, 37.0);
INSERT OR IGNORE INTO orders VALUES ('ORD_010_010', 'SHOP_010_DY', 'P025', date('now', '-2 days'), 2, 20.0);
INSERT OR IGNORE INTO orders VALUES ('ORD_010_011', 'SHOP_010_DY', 'P022', date('now', '-2 days'), 1, 22.0);
INSERT OR IGNORE INTO orders VALUES ('ORD_010_012', 'SHOP_010_DY', 'P024', date('now', '-2 days'), 1, 28.0);
INSERT OR IGNORE INTO orders VALUES ('ORD_010_013', 'SHOP_010_DY', 'P007', date('now', '-2 days'), 1, 12.0);
INSERT OR IGNORE INTO orders VALUES ('ORD_010_014', 'SHOP_010_DY', 'P011', date('now', '-2 days'), 1, 38.0);
INSERT OR IGNORE INTO orders VALUES ('ORD_010_015', 'SHOP_010_DY', 'P002', date('now', '-3 days'), 2, 37.0);
INSERT OR IGNORE INTO orders VALUES ('ORD_010_016', 'SHOP_010_DY', 'P018', date('now', '-3 days'), 2, 60.0);
INSERT OR IGNORE INTO orders VALUES ('ORD_010_017', 'SHOP_010_DY', 'P022', date('now', '-3 days'), 1, 22.0);
INSERT OR IGNORE INTO orders VALUES ('ORD_010_018', 'SHOP_010_DY', 'P025', date('now', '-3 days'), 1, 10.0);
INSERT OR IGNORE INTO orders VALUES ('ORD_010_019', 'SHOP_010_DY', 'P001', date('now', '-3 days'), 1, 25.8);
INSERT OR IGNORE INTO orders VALUES ('ORD_010_020', 'SHOP_010_DY', 'P011', date('now', '-3 days'), 1, 38.0);
INSERT OR IGNORE INTO orders VALUES ('ORD_010_021', 'SHOP_010_DY', 'P019', date('now', '-3 days'), 1, 22.0);
INSERT OR IGNORE INTO orders VALUES ('ORD_010_022', 'SHOP_010_DY', 'P018', date('now', '-4 days'), 2, 60.0);
INSERT OR IGNORE INTO orders VALUES ('ORD_010_023', 'SHOP_010_DY', 'P002', date('now', '-4 days'), 2, 37.0);
INSERT OR IGNORE INTO orders VALUES ('ORD_010_024', 'SHOP_010_DY', 'P025', date('now', '-4 days'), 1, 10.0);
INSERT OR IGNORE INTO orders VALUES ('ORD_010_025', 'SHOP_010_DY', 'P022', date('now', '-4 days'), 1, 22.0);
INSERT OR IGNORE INTO orders VALUES ('ORD_010_026', 'SHOP_010_DY', 'P007', date('now', '-4 days'), 1, 12.0);
INSERT OR IGNORE INTO orders VALUES ('ORD_010_027', 'SHOP_010_DY', 'P024', date('now', '-4 days'), 1, 28.0);
INSERT OR IGNORE INTO orders VALUES ('ORD_010_028', 'SHOP_010_DY', 'P021', date('now', '-4 days'), 1, 15.0);
INSERT OR IGNORE INTO orders VALUES ('ORD_010_029', 'SHOP_010_DY', 'P002', date('now', '-5 days'), 2, 37.0);
INSERT OR IGNORE INTO orders VALUES ('ORD_010_030', 'SHOP_010_DY', 'P018', date('now', '-5 days'), 2, 60.0);
INSERT OR IGNORE INTO orders VALUES ('ORD_010_031', 'SHOP_010_DY', 'P025', date('now', '-5 days'), 1, 10.0);
INSERT OR IGNORE INTO orders VALUES ('ORD_010_032', 'SHOP_010_DY', 'P022', date('now', '-5 days'), 1, 22.0);
INSERT OR IGNORE INTO orders VALUES ('ORD_010_033', 'SHOP_010_DY', 'P011', date('now', '-5 days'), 1, 38.0);
INSERT OR IGNORE INTO orders VALUES ('ORD_010_034', 'SHOP_010_DY', 'P001', date('now', '-5 days'), 1, 25.8);
INSERT OR IGNORE INTO orders VALUES ('ORD_010_035', 'SHOP_010_DY', 'P007', date('now', '-5 days'), 1, 12.0);
INSERT OR IGNORE INTO orders VALUES ('ORD_010_036', 'SHOP_010_DY', 'P018', date('now', '-6 days'), 2, 60.0);
INSERT OR IGNORE INTO orders VALUES ('ORD_010_037', 'SHOP_010_DY', 'P002', date('now', '-6 days'), 2, 37.0);
INSERT OR IGNORE INTO orders VALUES ('ORD_010_038', 'SHOP_010_DY', 'P022', date('now', '-6 days'), 1, 22.0);
INSERT OR IGNORE INTO orders VALUES ('ORD_010_039', 'SHOP_010_DY', 'P025', date('now', '-6 days'), 1, 10.0);
INSERT OR IGNORE INTO orders VALUES ('ORD_010_040', 'SHOP_010_DY', 'P024', date('now', '-6 days'), 1, 28.0);
INSERT OR IGNORE INTO orders VALUES ('ORD_010_041', 'SHOP_010_DY', 'P011', date('now', '-6 days'), 1, 38.0);
INSERT OR IGNORE INTO orders VALUES ('ORD_010_042', 'SHOP_010_DY', 'P014', date('now', '-6 days'), 1, 24.0);
INSERT OR IGNORE INTO orders VALUES ('ORD_010_043', 'SHOP_010_DY', 'P002', date('now', '-7 days'), 2, 37.0);
INSERT OR IGNORE INTO orders VALUES ('ORD_010_044', 'SHOP_010_DY', 'P018', date('now', '-7 days'), 2, 60.0);
INSERT OR IGNORE INTO orders VALUES ('ORD_010_045', 'SHOP_010_DY', 'P025', date('now', '-7 days'), 1, 10.0);
INSERT OR IGNORE INTO orders VALUES ('ORD_010_046', 'SHOP_010_DY', 'P022', date('now', '-7 days'), 1, 22.0);
INSERT OR IGNORE INTO orders VALUES ('ORD_010_047', 'SHOP_010_DY', 'P007', date('now', '-7 days'), 1, 12.0);
INSERT OR IGNORE INTO orders VALUES ('ORD_010_048', 'SHOP_010_DY', 'P001', date('now', '-7 days'), 1, 25.8);
INSERT OR IGNORE INTO orders VALUES ('ORD_010_049', 'SHOP_010_DY', 'P011', date('now', '-7 days'), 1, 38.0);
INSERT OR IGNORE INTO orders VALUES ('ORD_010_050', 'SHOP_010_DY', 'P018', date('now', '-8 days'), 3, 90.0);
INSERT OR IGNORE INTO orders VALUES ('ORD_010_051', 'SHOP_010_DY', 'P002', date('now', '-8 days'), 2, 37.0);
INSERT OR IGNORE INTO orders VALUES ('ORD_010_052', 'SHOP_010_DY', 'P022', date('now', '-8 days'), 1, 22.0);
INSERT OR IGNORE INTO orders VALUES ('ORD_010_053', 'SHOP_010_DY', 'P025', date('now', '-8 days'), 1, 10.0);
INSERT OR IGNORE INTO orders VALUES ('ORD_010_054', 'SHOP_010_DY', 'P024', date('now', '-8 days'), 1, 28.0);
INSERT OR IGNORE INTO orders VALUES ('ORD_010_055', 'SHOP_010_DY', 'P011', date('now', '-8 days'), 1, 38.0);
INSERT OR IGNORE INTO orders VALUES ('ORD_010_056', 'SHOP_010_DY', 'P002', date('now', '-9 days'), 2, 37.0);
INSERT OR IGNORE INTO orders VALUES ('ORD_010_057', 'SHOP_010_DY', 'P018', date('now', '-9 days'), 2, 60.0);
INSERT OR IGNORE INTO orders VALUES ('ORD_010_058', 'SHOP_010_DY', 'P025', date('now', '-9 days'), 1, 10.0);
INSERT OR IGNORE INTO orders VALUES ('ORD_010_059', 'SHOP_010_DY', 'P022', date('now', '-9 days'), 1, 22.0);
INSERT OR IGNORE INTO orders VALUES ('ORD_010_060', 'SHOP_010_DY', 'P007', date('now', '-9 days'), 1, 12.0);
INSERT OR IGNORE INTO orders VALUES ('ORD_010_061', 'SHOP_010_DY', 'P001', date('now', '-9 days'), 1, 25.8);
INSERT OR IGNORE INTO orders VALUES ('ORD_010_062', 'SHOP_010_DY', 'P011', date('now', '-9 days'), 1, 38.0);
INSERT OR IGNORE INTO orders VALUES ('ORD_010_063', 'SHOP_010_DY', 'P018', date('now', '-10 days'), 2, 60.0);
INSERT OR IGNORE INTO orders VALUES ('ORD_010_064', 'SHOP_010_DY', 'P002', date('now', '-10 days'), 2, 37.0);
INSERT OR IGNORE INTO orders VALUES ('ORD_010_065', 'SHOP_010_DY', 'P022', date('now', '-10 days'), 1, 22.0);
INSERT OR IGNORE INTO orders VALUES ('ORD_010_066', 'SHOP_010_DY', 'P025', date('now', '-10 days'), 1, 10.0);
INSERT OR IGNORE INTO orders VALUES ('ORD_010_067', 'SHOP_010_DY', 'P024', date('now', '-10 days'), 1, 28.0);
INSERT OR IGNORE INTO orders VALUES ('ORD_010_068', 'SHOP_010_DY', 'P011', date('now', '-10 days'), 1, 38.0);
INSERT OR IGNORE INTO orders VALUES ('ORD_010_069', 'SHOP_010_DY', 'P009', date('now', '-10 days'), 1, 20.0);
INSERT OR IGNORE INTO orders VALUES ('ORD_010_070', 'SHOP_010_DY', 'P002', date('now', '-11 days'), 2, 37.0);
INSERT OR IGNORE INTO orders VALUES ('ORD_010_071', 'SHOP_010_DY', 'P018', date('now', '-11 days'), 2, 60.0);
INSERT OR IGNORE INTO orders VALUES ('ORD_010_072', 'SHOP_010_DY', 'P025', date('now', '-11 days'), 1, 10.0);
INSERT OR IGNORE INTO orders VALUES ('ORD_010_073', 'SHOP_010_DY', 'P022', date('now', '-11 days'), 1, 22.0);
INSERT OR IGNORE INTO orders VALUES ('ORD_010_074', 'SHOP_010_DY', 'P007', date('now', '-11 days'), 1, 12.0);
INSERT OR IGNORE INTO orders VALUES ('ORD_010_075', 'SHOP_010_DY', 'P001', date('now', '-11 days'), 1, 25.8);
INSERT OR IGNORE INTO orders VALUES ('ORD_010_076', 'SHOP_010_DY', 'P011', date('now', '-11 days'), 1, 38.0);
INSERT OR IGNORE INTO orders VALUES ('ORD_010_077', 'SHOP_010_DY', 'P018', date('now', '-12 days'), 2, 60.0);
INSERT OR IGNORE INTO orders VALUES ('ORD_010_078', 'SHOP_010_DY', 'P002', date('now', '-12 days'), 2, 37.0);
INSERT OR IGNORE INTO orders VALUES ('ORD_010_079', 'SHOP_010_DY', 'P022', date('now', '-12 days'), 1, 22.0);
INSERT OR IGNORE INTO orders VALUES ('ORD_010_080', 'SHOP_010_DY', 'P025', date('now', '-12 days'), 1, 10.0);
INSERT OR IGNORE INTO orders VALUES ('ORD_010_081', 'SHOP_010_DY', 'P024', date('now', '-12 days'), 1, 28.0);
INSERT OR IGNORE INTO orders VALUES ('ORD_010_082', 'SHOP_010_DY', 'P011', date('now', '-12 days'), 1, 38.0);
INSERT OR IGNORE INTO orders VALUES ('ORD_010_083', 'SHOP_010_DY', 'P014', date('now', '-12 days'), 1, 24.0);
INSERT OR IGNORE INTO orders VALUES ('ORD_010_084', 'SHOP_010_DY', 'P002', date('now', '-13 days'), 2, 37.0);
INSERT OR IGNORE INTO orders VALUES ('ORD_010_085', 'SHOP_010_DY', 'P018', date('now', '-13 days'), 2, 60.0);
INSERT OR IGNORE INTO orders VALUES ('ORD_010_086', 'SHOP_010_DY', 'P025', date('now', '-13 days'), 1, 10.0);
INSERT OR IGNORE INTO orders VALUES ('ORD_010_087', 'SHOP_010_DY', 'P022', date('now', '-13 days'), 1, 22.0);
INSERT OR IGNORE INTO orders VALUES ('ORD_010_088', 'SHOP_010_DY', 'P007', date('now', '-13 days'), 1, 12.0);
INSERT OR IGNORE INTO orders VALUES ('ORD_010_089', 'SHOP_010_DY', 'P001', date('now', '-13 days'), 1, 25.8);
INSERT OR IGNORE INTO orders VALUES ('ORD_010_090', 'SHOP_010_DY', 'P011', date('now', '-13 days'), 1, 38.0);
INSERT OR IGNORE INTO orders VALUES ('ORD_010_091', 'SHOP_010_DY', 'P018', date('now', '-14 days'), 2, 60.0);
INSERT OR IGNORE INTO orders VALUES ('ORD_010_092', 'SHOP_010_DY', 'P002', date('now', '-14 days'), 2, 37.0);
INSERT OR IGNORE INTO orders VALUES ('ORD_010_093', 'SHOP_010_DY', 'P022', date('now', '-14 days'), 1, 22.0);
INSERT OR IGNORE INTO orders VALUES ('ORD_010_094', 'SHOP_010_DY', 'P025', date('now', '-14 days'), 1, 10.0);
INSERT OR IGNORE INTO orders VALUES ('ORD_010_095', 'SHOP_010_DY', 'P024', date('now', '-14 days'), 1, 28.0);
INSERT OR IGNORE INTO orders VALUES ('ORD_010_096', 'SHOP_010_DY', 'P011', date('now', '-14 days'), 1, 38.0);
INSERT OR IGNORE INTO orders VALUES ('ORD_010_097', 'SHOP_010_DY', 'P021', date('now', '-14 days'), 1, 15.0);

-- 拼多多出单 5单/天，近14天
INSERT OR IGNORE INTO orders VALUES ('ORD_010_098', 'SHOP_010_PDD', 'P035', date('now', '-1 days'), 2, 90.0);
INSERT OR IGNORE INTO orders VALUES ('ORD_010_099', 'SHOP_010_PDD', 'P043', date('now', '-1 days'), 1, 25.0);
INSERT OR IGNORE INTO orders VALUES ('ORD_010_100', 'SHOP_010_PDD', 'P039', date('now', '-1 days'), 1, 28.0);
INSERT OR IGNORE INTO orders VALUES ('ORD_010_101', 'SHOP_010_PDD', 'P047', date('now', '-1 days'), 1, 45.0);
INSERT OR IGNORE INTO orders VALUES ('ORD_010_102', 'SHOP_010_PDD', 'P050', date('now', '-1 days'), 1, 38.0);
INSERT OR IGNORE INTO orders VALUES ('ORD_010_103', 'SHOP_010_PDD', 'P043', date('now', '-2 days'), 2, 50.0);
INSERT OR IGNORE INTO orders VALUES ('ORD_010_104', 'SHOP_010_PDD', 'P035', date('now', '-2 days'), 1, 45.0);
INSERT OR IGNORE INTO orders VALUES ('ORD_010_105', 'SHOP_010_PDD', 'P027', date('now', '-2 days'), 1, 18.0);
INSERT OR IGNORE INTO orders VALUES ('ORD_010_106', 'SHOP_010_PDD', 'P046', date('now', '-2 days'), 1, 85.0);
INSERT OR IGNORE INTO orders VALUES ('ORD_010_107', 'SHOP_010_PDD', 'P033', date('now', '-3 days'), 1, 65.0);
INSERT OR IGNORE INTO orders VALUES ('ORD_010_108', 'SHOP_010_PDD', 'P035', date('now', '-3 days'), 1, 45.0);
INSERT OR IGNORE INTO orders VALUES ('ORD_010_109', 'SHOP_010_PDD', 'P043', date('now', '-3 days'), 1, 25.0);
INSERT OR IGNORE INTO orders VALUES ('ORD_010_110', 'SHOP_010_PDD', 'P047', date('now', '-3 days'), 1, 45.0);
INSERT OR IGNORE INTO orders VALUES ('ORD_010_111', 'SHOP_010_PDD', 'P039', date('now', '-3 days'), 1, 28.0);
INSERT OR IGNORE INTO orders VALUES ('ORD_010_112', 'SHOP_010_PDD', 'P035', date('now', '-4 days'), 2, 90.0);
INSERT OR IGNORE INTO orders VALUES ('ORD_010_113', 'SHOP_010_PDD', 'P043', date('now', '-4 days'), 1, 25.0);
INSERT OR IGNORE INTO orders VALUES ('ORD_010_114', 'SHOP_010_PDD', 'P027', date('now', '-4 days'), 1, 18.0);
INSERT OR IGNORE INTO orders VALUES ('ORD_010_115', 'SHOP_010_PDD', 'P050', date('now', '-4 days'), 1, 38.0);
INSERT OR IGNORE INTO orders VALUES ('ORD_010_116', 'SHOP_010_PDD', 'P046', date('now', '-5 days'), 1, 85.0);
INSERT OR IGNORE INTO orders VALUES ('ORD_010_117', 'SHOP_010_PDD', 'P035', date('now', '-5 days'), 1, 45.0);
INSERT OR IGNORE INTO orders VALUES ('ORD_010_118', 'SHOP_010_PDD', 'P043', date('now', '-5 days'), 1, 25.0);
INSERT OR IGNORE INTO orders VALUES ('ORD_010_119', 'SHOP_010_PDD', 'P039', date('now', '-5 days'), 1, 28.0);
INSERT OR IGNORE INTO orders VALUES ('ORD_010_120', 'SHOP_010_PDD', 'P047', date('now', '-5 days'), 1, 45.0);
INSERT OR IGNORE INTO orders VALUES ('ORD_010_121', 'SHOP_010_PDD', 'P043', date('now', '-6 days'), 2, 50.0);
INSERT OR IGNORE INTO orders VALUES ('ORD_010_122', 'SHOP_010_PDD', 'P035', date('now', '-6 days'), 1, 45.0);
INSERT OR IGNORE INTO orders VALUES ('ORD_010_123', 'SHOP_010_PDD', 'P027', date('now', '-6 days'), 1, 18.0);
INSERT OR IGNORE INTO orders VALUES ('ORD_010_124', 'SHOP_010_PDD', 'P046', date('now', '-7 days'), 1, 85.0);
INSERT OR IGNORE INTO orders VALUES ('ORD_010_125', 'SHOP_010_PDD', 'P035', date('now', '-7 days'), 1, 45.0);
INSERT OR IGNORE INTO orders VALUES ('ORD_010_126', 'SHOP_010_PDD', 'P043', date('now', '-7 days'), 1, 25.0);
INSERT OR IGNORE INTO orders VALUES ('ORD_010_127', 'SHOP_010_PDD', 'P039', date('now', '-7 days'), 1, 28.0);
INSERT OR IGNORE INTO orders VALUES ('ORD_010_128', 'SHOP_010_PDD', 'P050', date('now', '-7 days'), 1, 38.0);
INSERT OR IGNORE INTO orders VALUES ('ORD_010_129', 'SHOP_010_PDD', 'P035', date('now', '-8 days'), 2, 90.0);
INSERT OR IGNORE INTO orders VALUES ('ORD_010_130', 'SHOP_010_PDD', 'P043', date('now', '-8 days'), 1, 25.0);
INSERT OR IGNORE INTO orders VALUES ('ORD_010_131', 'SHOP_010_PDD', 'P027', date('now', '-8 days'), 1, 18.0);
INSERT OR IGNORE INTO orders VALUES ('ORD_010_132', 'SHOP_010_PDD', 'P047', date('now', '-9 days'), 1, 45.0);
INSERT OR IGNORE INTO orders VALUES ('ORD_010_133', 'SHOP_010_PDD', 'P035', date('now', '-9 days'), 1, 45.0);
INSERT OR IGNORE INTO orders VALUES ('ORD_010_134', 'SHOP_010_PDD', 'P043', date('now', '-9 days'), 1, 25.0);
INSERT OR IGNORE INTO orders VALUES ('ORD_010_135', 'SHOP_010_PDD', 'P039', date('now', '-9 days'), 1, 28.0);
INSERT OR IGNORE INTO orders VALUES ('ORD_010_136', 'SHOP_010_PDD', 'P046', date('now', '-9 days'), 1, 85.0);
INSERT OR IGNORE INTO orders VALUES ('ORD_010_137', 'SHOP_010_PDD', 'P043', date('now', '-10 days'), 2, 50.0);
INSERT OR IGNORE INTO orders VALUES ('ORD_010_138', 'SHOP_010_PDD', 'P035', date('now', '-10 days'), 1, 45.0);
INSERT OR IGNORE INTO orders VALUES ('ORD_010_139', 'SHOP_010_PDD', 'P050', date('now', '-10 days'), 1, 38.0);
INSERT OR IGNORE INTO orders VALUES ('ORD_010_140', 'SHOP_010_PDD', 'P033', date('now', '-11 days'), 1, 65.0);
INSERT OR IGNORE INTO orders VALUES ('ORD_010_141', 'SHOP_010_PDD', 'P035', date('now', '-11 days'), 1, 45.0);
INSERT OR IGNORE INTO orders VALUES ('ORD_010_142', 'SHOP_010_PDD', 'P043', date('now', '-11 days'), 1, 25.0);
INSERT OR IGNORE INTO orders VALUES ('ORD_010_143', 'SHOP_010_PDD', 'P039', date('now', '-11 days'), 1, 28.0);
INSERT OR IGNORE INTO orders VALUES ('ORD_010_144', 'SHOP_010_PDD', 'P047', date('now', '-11 days'), 1, 45.0);
INSERT OR IGNORE INTO orders VALUES ('ORD_010_145', 'SHOP_010_PDD', 'P035', date('now', '-12 days'), 2, 90.0);
INSERT OR IGNORE INTO orders VALUES ('ORD_010_146', 'SHOP_010_PDD', 'P043', date('now', '-12 days'), 1, 25.0);
INSERT OR IGNORE INTO orders VALUES ('ORD_010_147', 'SHOP_010_PDD', 'P046', date('now', '-12 days'), 1, 85.0);
INSERT OR IGNORE INTO orders VALUES ('ORD_010_148', 'SHOP_010_PDD', 'P043', date('now', '-13 days'), 2, 50.0);
INSERT OR IGNORE INTO orders VALUES ('ORD_010_149', 'SHOP_010_PDD', 'P035', date('now', '-13 days'), 1, 45.0);
INSERT OR IGNORE INTO orders VALUES ('ORD_010_150', 'SHOP_010_PDD', 'P039', date('now', '-13 days'), 1, 28.0);
INSERT OR IGNORE INTO orders VALUES ('ORD_010_151', 'SHOP_010_PDD', 'P027', date('now', '-14 days'), 1, 18.0);
INSERT OR IGNORE INTO orders VALUES ('ORD_010_152', 'SHOP_010_PDD', 'P035', date('now', '-14 days'), 1, 45.0);
INSERT OR IGNORE INTO orders VALUES ('ORD_010_153', 'SHOP_010_PDD', 'P043', date('now', '-14 days'), 1, 25.0);
INSERT OR IGNORE INTO orders VALUES ('ORD_010_154', 'SHOP_010_PDD', 'P047', date('now', '-14 days'), 1, 45.0);
INSERT OR IGNORE INTO orders VALUES ('ORD_010_155', 'SHOP_010_PDD', 'P050', date('now', '-14 days'), 1, 38.0);

-- 淘宝出单 3单/天，近14天
INSERT OR IGNORE INTO orders VALUES ('ORD_010_156', 'SHOP_010_TB', 'P055', date('now', '-1 days'), 1, 22.0);
INSERT OR IGNORE INTO orders VALUES ('ORD_010_157', 'SHOP_010_TB', 'P063', date('now', '-1 days'), 1, 22.0);
INSERT OR IGNORE INTO orders VALUES ('ORD_010_158', 'SHOP_010_TB', 'P071', date('now', '-1 days'), 1, 25.0);
INSERT OR IGNORE INTO orders VALUES ('ORD_010_159', 'SHOP_010_TB', 'P052', date('now', '-2 days'), 1, 52.0);
INSERT OR IGNORE INTO orders VALUES ('ORD_010_160', 'SHOP_010_TB', 'P067', date('now', '-2 days'), 1, 28.0);
INSERT OR IGNORE INTO orders VALUES ('ORD_010_161', 'SHOP_010_TB', 'P073', date('now', '-2 days'), 2, 24.0);
INSERT OR IGNORE INTO orders VALUES ('ORD_010_162', 'SHOP_010_TB', 'P055', date('now', '-3 days'), 1, 22.0);
INSERT OR IGNORE INTO orders VALUES ('ORD_010_163', 'SHOP_010_TB', 'P051', date('now', '-3 days'), 1, 128.0);
INSERT OR IGNORE INTO orders VALUES ('ORD_010_164', 'SHOP_010_TB', 'P063', date('now', '-3 days'), 1, 22.0);
INSERT OR IGNORE INTO orders VALUES ('ORD_010_165', 'SHOP_010_TB', 'P071', date('now', '-4 days'), 2, 50.0);
INSERT OR IGNORE INTO orders VALUES ('ORD_010_166', 'SHOP_010_TB', 'P073', date('now', '-4 days'), 1, 12.0);
INSERT OR IGNORE INTO orders VALUES ('ORD_010_167', 'SHOP_010_TB', 'P067', date('now', '-5 days'), 1, 28.0);
INSERT OR IGNORE INTO orders VALUES ('ORD_010_168', 'SHOP_010_TB', 'P055', date('now', '-5 days'), 2, 44.0);
INSERT OR IGNORE INTO orders VALUES ('ORD_010_169', 'SHOP_010_TB', 'P063', date('now', '-6 days'), 1, 22.0);
INSERT OR IGNORE INTO orders VALUES ('ORD_010_170', 'SHOP_010_TB', 'P071', date('now', '-6 days'), 1, 25.0);
INSERT OR IGNORE INTO orders VALUES ('ORD_010_171', 'SHOP_010_TB', 'P073', date('now', '-6 days'), 1, 12.0);
INSERT OR IGNORE INTO orders VALUES ('ORD_010_172', 'SHOP_010_TB', 'P055', date('now', '-7 days'), 1, 22.0);
INSERT OR IGNORE INTO orders VALUES ('ORD_010_173', 'SHOP_010_TB', 'P052', date('now', '-7 days'), 1, 52.0);
INSERT OR IGNORE INTO orders VALUES ('ORD_010_174', 'SHOP_010_TB', 'P067', date('now', '-7 days'), 1, 28.0);
INSERT OR IGNORE INTO orders VALUES ('ORD_010_175', 'SHOP_010_TB', 'P063', date('now', '-8 days'), 2, 44.0);
INSERT OR IGNORE INTO orders VALUES ('ORD_010_176', 'SHOP_010_TB', 'P073', date('now', '-9 days'), 2, 24.0);
INSERT OR IGNORE INTO orders VALUES ('ORD_010_177', 'SHOP_010_TB', 'P071', date('now', '-9 days'), 1, 25.0);
INSERT OR IGNORE INTO orders VALUES ('ORD_010_178', 'SHOP_010_TB', 'P055', date('now', '-10 days'), 1, 22.0);
INSERT OR IGNORE INTO orders VALUES ('ORD_010_179', 'SHOP_010_TB', 'P067', date('now', '-10 days'), 1, 28.0);
INSERT OR IGNORE INTO orders VALUES ('ORD_010_180', 'SHOP_010_TB', 'P063', date('now', '-10 days'), 1, 22.0);
INSERT OR IGNORE INTO orders VALUES ('ORD_010_181', 'SHOP_010_TB', 'P071', date('now', '-11 days'), 2, 50.0);
INSERT OR IGNORE INTO orders VALUES ('ORD_010_182', 'SHOP_010_TB', 'P073', date('now', '-11 days'), 1, 12.0);
INSERT OR IGNORE INTO orders VALUES ('ORD_010_183', 'SHOP_010_TB', 'P055', date('now', '-12 days'), 1, 22.0);
INSERT OR IGNORE INTO orders VALUES ('ORD_010_184', 'SHOP_010_TB', 'P063', date('now', '-12 days'), 1, 22.0);
INSERT OR IGNORE INTO orders VALUES ('ORD_010_185', 'SHOP_010_TB', 'P067', date('now', '-12 days'), 1, 28.0);
INSERT OR IGNORE INTO orders VALUES ('ORD_010_186', 'SHOP_010_TB', 'P073', date('now', '-13 days'), 2, 24.0);
INSERT OR IGNORE INTO orders VALUES ('ORD_010_187', 'SHOP_010_TB', 'P071', date('now', '-13 days'), 1, 25.0);
INSERT OR IGNORE INTO orders VALUES ('ORD_010_188', 'SHOP_010_TB', 'P055', date('now', '-14 days'), 1, 22.0);
INSERT OR IGNORE INTO orders VALUES ('ORD_010_189', 'SHOP_010_TB', 'P063', date('now', '-14 days'), 1, 22.0);
INSERT OR IGNORE INTO orders VALUES ('ORD_010_190', 'SHOP_010_TB', 'P067', date('now', '-14 days'), 1, 28.0);
